UG to STEP
! INFO-     NX STEP AP214 - V2506.1700
! INFO-      
! INFO-     Start of Translation: 8-JUN-2026  2:49:31 PM
! INFO-      
! STATUS-   Converting Part: C:\Users\PC\Downloads\CNC_UPDATE\CNC_UPDATE\VIRTUAL_MILLING_CNC.prt
! SUMMARY-   
! SUMMARY-  Summary of Unigraphics Part Entities
! SUMMARY-  For Part: C:\Users\PC\Downloads\CNC_UPDATE\CNC_UPDATE\VIRTUAL_MILLING_CNC.prt 
! SUMMARY-  Entities Processed             Count
! SUMMARY-  ------------------             -----
! SUMMARY-  Part Attribute ..............:     1
! SUMMARY-  Font ........................:     1
! SUMMARY-  Color Table .................:     2
! SUMMARY-  Coordinate System ...........:    23
! SUMMARY-  Parameter ...................:     1
! SUMMARY-  Matrix ......................:    12
! SUMMARY-  Component ...................:     8
! SUMMARY-                                 -----
! SUMMARY-  Total                             48
! SUMMARY-   
! SUMMARY-  Summary of Unigraphics Part Entities
! SUMMARY-  For Part: BASE.prt 
! SUMMARY-  Entities Processed             Count
! SUMMARY-  ------------------             -----
! SUMMARY-  Part Attribute ..............:     1
! SUMMARY-  Font ........................:     1
! SUMMARY-  Color Table .................:     2
! SUMMARY-  Coordinate System ...........:     1
! SUMMARY-  Parameter ...................:     1
! SUMMARY-  Matrix ......................:     1
! SUMMARY-  Component ...................:    18
! SUMMARY-                                 -----
! SUMMARY-  Total                             25
! SUMMARY-   
! SUMMARY-  Summary of Unigraphics Part Entities
! SUMMARY-  For Part: BASE_X.prt 
! SUMMARY-  Entities Processed             Count
! SUMMARY-  ------------------             -----
! SUMMARY-  Part Attribute ..............:     1
! SUMMARY-  Font ........................:     1
! SUMMARY-  Color Table .................:     2
! SUMMARY-  Coordinate System ...........:     1
! SUMMARY-  Parameter ...................:     1
! SUMMARY-  Matrix ......................:     1
! SUMMARY-  Component ...................:     7
! SUMMARY-                                 -----
! SUMMARY-  Total                             14
! SUMMARY-   
! SUMMARY-  Summary of Unigraphics Part Entities
! SUMMARY-  For Part: BASE_Y.prt 
! SUMMARY-  Entities Processed             Count
! SUMMARY-  ------------------             -----
! SUMMARY-  Part Attribute ..............:     1
! SUMMARY-  Font ........................:     1
! SUMMARY-  Color Table .................:     2
! SUMMARY-  Coordinate System ...........:     1
! SUMMARY-  Parameter ...................:     1
! SUMMARY-  Matrix ......................:     1
! SUMMARY-  Component ...................:     1
! SUMMARY-                                 -----
! SUMMARY-  Total                              8
! SUMMARY-   
! SUMMARY-  Summary of Unigraphics Part Entities
! SUMMARY-  For Part: BASE_Z.prt 
! SUMMARY-  Entities Processed             Count
! SUMMARY-  ------------------             -----
! SUMMARY-  Part Attribute ..............:     1
! SUMMARY-  Font ........................:     1
! SUMMARY-  Color Table .................:     2
! SUMMARY-  Coordinate System ...........:     1
! SUMMARY-  Parameter ...................:     1
! SUMMARY-  Matrix ......................:     1
! SUMMARY-  Component ...................:    34
! SUMMARY-                                 -----
! SUMMARY-  Total                             41
! SUMMARY-   
! SUMMARY-  Summary of Unigraphics Part Entities
! SUMMARY-  For Part: X_BALL_SCREW.prt 
! SUMMARY-  Entities Processed             Count
! SUMMARY-  ------------------             -----
! SUMMARY-  Part Attribute ..............:     1
! SUMMARY-  Font ........................:     1
! SUMMARY-  Color Table .................:     2
! SUMMARY-  Coordinate System ...........:     1
! SUMMARY-  Parameter ...................:     1
! SUMMARY-  Matrix ......................:     1
! SUMMARY-  Component ...................:     4
! SUMMARY-                                 -----
! SUMMARY-  Total                             11
! SUMMARY-   
! SUMMARY-  Summary of Unigraphics Part Entities
! SUMMARY-  For Part: Y_BALL_SCREW.prt 
! SUMMARY-  Entities Processed             Count
! SUMMARY-  ------------------             -----
! SUMMARY-  Part Attribute ..............:     1
! SUMMARY-  Font ........................:     1
! SUMMARY-  Color Table .................:     2
! SUMMARY-  Coordinate System ...........:     1
! SUMMARY-  Parameter ...................:     1
! SUMMARY-  Matrix ......................:     1
! SUMMARY-  Component ...................:     4
! SUMMARY-                                 -----
! SUMMARY-  Total                             11
! SUMMARY-   
! SUMMARY-  Summary of Unigraphics Part Entities
! SUMMARY-  For Part: Z_BALL_SCREW.prt 
! SUMMARY-  Entities Processed             Count
! SUMMARY-  ------------------             -----
! SUMMARY-  Part Attribute ..............:     1
! SUMMARY-  Font ........................:     1
! SUMMARY-  Color Table .................:     2
! SUMMARY-  Coordinate System ...........:     1
! SUMMARY-  Parameter ...................:     1
! SUMMARY-  Matrix ......................:     1
! SUMMARY-  Component ...................:     4
! SUMMARY-                                 -----
! SUMMARY-  Total                             11
! SUMMARY-   
! SUMMARY-  Summary of Unigraphics Part Entities
! SUMMARY-  For Part: GÁ PHÔI.prt 
! SUMMARY-  Entities Processed             Count
! SUMMARY-  ------------------             -----
! SUMMARY-  Part Attribute ..............:     1
! SUMMARY-  Font ........................:     1
! SUMMARY-  Color Table .................:     2
! SUMMARY-  Coordinate System ...........:     1
! SUMMARY-  Parameter ...................:     1
! SUMMARY-  Matrix ......................:     1
! SUMMARY-  Component ...................:     2
! SUMMARY-                                 -----
! SUMMARY-  Total                              9
! SUMMARY-   
! SUMMARY-  Summary of Unigraphics Part Entities
! SUMMARY-  For Part: truc X-oc46669.prt 
! SUMMARY-  Entities Processed             Count
! SUMMARY-  ------------------             -----
! SUMMARY-  Part Attribute ..............:     1
! SUMMARY-  Font ........................:     1
! SUMMARY-  Color Table .................:     2
! SUMMARY-  Coordinate System ...........:     1
! SUMMARY-  Parameter ...................:     1
! SUMMARY-  Matrix ......................:     1
! SUMMARY-  Component ...................:    59
! SUMMARY-                                 -----
! SUMMARY-  Total                             66
! SUMMARY-   
! SUMMARY-  Summary of Unigraphics Part Entities
! SUMMARY-  For Part: dong co8554.prt 
! SUMMARY-  Entities Processed             Count
! SUMMARY-  ------------------             -----
! SUMMARY-  Part Attribute ..............:     1
! SUMMARY-  Font ........................:     1
! SUMMARY-  Color Table .................:     2
! SUMMARY-  Coordinate System ...........:     1
! SUMMARY-  Parameter ...................:     1
! SUMMARY-  Matrix ......................:     1
! SUMMARY-  Reference Set ...............:     1
! SUMMARY-  Solid/Sheet .................:
! SUMMARY-     Body .....................:     1
! SUMMARY-                                 -----
! SUMMARY-  Total                              9
! SUMMARY-   
! SUMMARY-  Summary of Unigraphics Part Entities
! SUMMARY-  For Part: M4-25-dongco15413.prt 
! SUMMARY-  Entities Processed             Count
! SUMMARY-  ------------------             -----
! SUMMARY-  Part Attribute ..............:     1
! SUMMARY-  Font ........................:     1
! SUMMARY-  Color Table .................:     2
! SUMMARY-  Coordinate System ...........:     1
! SUMMARY-  Parameter ...................:     1
! SUMMARY-  Matrix ......................:     1
! SUMMARY-  Reference Set ...............:     1
! SUMMARY-  Solid/Sheet .................:
! SUMMARY-     Body .....................:     1
! SUMMARY-                                 -----
! SUMMARY-  Total                              9
! SUMMARY-   
! SUMMARY-  Summary of Unigraphics Part Entities
! SUMMARY-  For Part: KeGocX.prt 
! SUMMARY-  Entities Processed             Count
! SUMMARY-  ------------------             -----
! SUMMARY-  Part Attribute ..............:     1
! SUMMARY-  Font ........................:     1
! SUMMARY-  Color Table .................:     2
! SUMMARY-  Coordinate System ...........:     2
! SUMMARY-  Parameter ...................:     1
! SUMMARY-  Matrix ......................:     1
! SUMMARY-  Reference Set ...............:     1
! SUMMARY-  Solid/Sheet .................:
! SUMMARY-     Body .....................:     1
! SUMMARY-                                 -----
! SUMMARY-  Total                             10
! SUMMARY-   
! SUMMARY-  Summary of Unigraphics Part Entities
! SUMMARY-  For Part: KeGocY.prt 
! SUMMARY-  Entities Processed             Count
! SUMMARY-  ------------------             -----
! SUMMARY-  Part Attribute ..............:     1
! SUMMARY-  Font ........................:     1
! SUMMARY-  Color Table .................:     2
! SUMMARY-  Coordinate System ...........:     2
! SUMMARY-  Parameter ...................:     1
! SUMMARY-  Matrix ......................:     1
! SUMMARY-  Reference Set ...............:     1
! SUMMARY-  Solid/Sheet .................:
! SUMMARY-     Body .....................:     1
! SUMMARY-                                 -----
! SUMMARY-  Total                             10
! SUMMARY-   
! SUMMARY-  Summary of Unigraphics Part Entities
! SUMMARY-  For Part: Limitswitch.prt 
! SUMMARY-  Entities Processed             Count
! SUMMARY-  ------------------             -----
! SUMMARY-  Part Attribute ..............:     1
! SUMMARY-  Font ........................:     1
! SUMMARY-  Color Table .................:     2
! SUMMARY-  Coordinate System ...........:     2
! SUMMARY-  Parameter ...................:     1
! SUMMARY-  Matrix ......................:     1
! SUMMARY-  Reference Set ...............:     1
! SUMMARY-  Solid/Sheet .................:
! SUMMARY-     Body .....................:     1
! SUMMARY-                                 -----
! SUMMARY-  Total                             10
! SUMMARY-   
! SUMMARY-  Summary of Unigraphics Part Entities
! SUMMARY-  For Part: bulong_limitswitch.prt 
! SUMMARY-  Entities Processed             Count
! SUMMARY-  ------------------             -----
! SUMMARY-  Part Attribute ..............:     1
! SUMMARY-  Font ........................:     1
! SUMMARY-  Color Table .................:     2
! SUMMARY-  Coordinate System ...........:     1
! SUMMARY-  Parameter ...................:     1
! SUMMARY-  Matrix ......................:     1
! SUMMARY-  Reference Set ...............:     1
! SUMMARY-  Solid/Sheet .................:
! SUMMARY-     Body .....................:     1
! SUMMARY-                                 -----
! SUMMARY-  Total                              9
! SUMMARY-   
! SUMMARY-  Summary of Unigraphics Part Entities
! SUMMARY-  For Part: daioc_limitswitch.prt 
! SUMMARY-  Entities Processed             Count
! SUMMARY-  ------------------             -----
! SUMMARY-  Part Attribute ..............:     1
! SUMMARY-  Font ........................:     1
! SUMMARY-  Color Table .................:     2
! SUMMARY-  Coordinate System ...........:     1
! SUMMARY-  Parameter ...................:     1
! SUMMARY-  Matrix ......................:     1
! SUMMARY-  Reference Set ...............:     1
! SUMMARY-  Solid/Sheet .................:
! SUMMARY-     Body .....................:     1
! SUMMARY-                                 -----
! SUMMARY-  Total                              9
! SUMMARY-   
! SUMMARY-  Summary of Unigraphics Part Entities
! SUMMARY-  For Part: truc Y-oc54.prt 
! SUMMARY-  Entities Processed             Count
! SUMMARY-  ------------------             -----
! SUMMARY-  Part Attribute ..............:     1
! SUMMARY-  Font ........................:     1
! SUMMARY-  Color Table .................:     2
! SUMMARY-  Coordinate System ...........:     1
! SUMMARY-  Parameter ...................:     1
! SUMMARY-  Matrix ......................:     1
! SUMMARY-  Component ...................:    50
! SUMMARY-                                 -----
! SUMMARY-  Total                             57
! SUMMARY-   
! SUMMARY-  Summary of Unigraphics Part Entities
! SUMMARY-  For Part: Tam Ga Z.prt 
! SUMMARY-  Entities Processed             Count
! SUMMARY-  ------------------             -----
! SUMMARY-  Part Attribute ..............:     1
! SUMMARY-  Font ........................:     1
! SUMMARY-  Color Table .................:     2
! SUMMARY-  Coordinate System ...........:     1
! SUMMARY-  Parameter ...................:     1
! SUMMARY-  Matrix ......................:     1
! SUMMARY-  Reference Set ...............:     1
! SUMMARY-  Solid/Sheet .................:
! SUMMARY-     Body .....................:     1
! SUMMARY-                                 -----
! SUMMARY-  Total                              9
! SUMMARY-   
! SUMMARY-  Summary of Unigraphics Part Entities
! SUMMARY-  For Part: ban may chu T--0c29841.prt 
! SUMMARY-  Entities Processed             Count
! SUMMARY-  ------------------             -----
! SUMMARY-  Part Attribute ..............:     1
! SUMMARY-  Font ........................:     1
! SUMMARY-  Color Table .................:     2
! SUMMARY-  Coordinate System ...........:     1
! SUMMARY-  Parameter ...................:     1
! SUMMARY-  Matrix ......................:     1
! SUMMARY-  Component ...................:    40
! SUMMARY-                                 -----
! SUMMARY-  Total                             47
! SUMMARY-   
! SUMMARY-  Summary of Unigraphics Part Entities
! SUMMARY-  For Part: M6-20-con truot Z45805.prt 
! SUMMARY-  Entities Processed             Count
! SUMMARY-  ------------------             -----
! SUMMARY-  Part Attribute ..............:     1
! SUMMARY-  Font ........................:     1
! SUMMARY-  Color Table .................:     2
! SUMMARY-  Coordinate System ...........:     1
! SUMMARY-  Parameter ...................:     1
! SUMMARY-  Matrix ......................:     1
! SUMMARY-  Reference Set ...............:     1
! SUMMARY-  Solid/Sheet .................:
! SUMMARY-     Body .....................:     1
! SUMMARY-                                 -----
! SUMMARY-  Total                              9
! SUMMARY-   
! SUMMARY-  Summary of Unigraphics Part Entities
! SUMMARY-  For Part: M6-12-vitmebi-ban may13242.prt 
! SUMMARY-  Entities Processed             Count
! SUMMARY-  ------------------             -----
! SUMMARY-  Part Attribute ..............:     1
! SUMMARY-  Font ........................:     1
! SUMMARY-  Color Table .................:     2
! SUMMARY-  Coordinate System ...........:     1
! SUMMARY-  Parameter ...................:     1
! SUMMARY-  Matrix ......................:     1
! SUMMARY-  Reference Set ...............:     1
! SUMMARY-  Solid/Sheet .................:
! SUMMARY-     Body .....................:     1
! SUMMARY-                                 -----
! SUMMARY-  Total                              9
! SUMMARY-   
! SUMMARY-  Summary of Unigraphics Part Entities
! SUMMARY-  For Part: 5617175.prt 
! SUMMARY-  Entities Processed             Count
! SUMMARY-  ------------------             -----
! SUMMARY-  Part Attribute ..............:     1
! SUMMARY-  Font ........................:     1
! SUMMARY-  Color Table .................:     2
! SUMMARY-  Coordinate System ...........:     1
! SUMMARY-  Parameter ...................:     1
! SUMMARY-  Matrix ......................:     1
! SUMMARY-  Reference Set ...............:     1
! SUMMARY-  Solid/Sheet .................:
! SUMMARY-     Body .....................:     1
! SUMMARY-                                 -----
! SUMMARY-  Total                              9
! SUMMARY-   
! SUMMARY-  Summary of Unigraphics Part Entities
! SUMMARY-  For Part: M8-20-bich X-con truot X44789.prt 
! SUMMARY-  Entities Processed             Count
! SUMMARY-  ------------------             -----
! SUMMARY-  Part Attribute ..............:     1
! SUMMARY-  Font ........................:     1
! SUMMARY-  Color Table .................:     2
! SUMMARY-  Coordinate System ...........:     1
! SUMMARY-  Parameter ...................:     1
! SUMMARY-  Matrix ......................:     1
! SUMMARY-  Reference Set ...............:     1
! SUMMARY-  Solid/Sheet .................:
! SUMMARY-     Body .....................:     1
! SUMMARY-                                 -----
! SUMMARY-  Total                              9
! SUMMARY-   
! SUMMARY-  Summary of Unigraphics Part Entities
! SUMMARY-  For Part: lot- Z39840.prt 
! SUMMARY-  Entities Processed             Count
! SUMMARY-  ------------------             -----
! SUMMARY-  Part Attribute ..............:     1
! SUMMARY-  Font ........................:     1
! SUMMARY-  Color Table .................:     2
! SUMMARY-  Coordinate System ...........:     1
! SUMMARY-  Parameter ...................:     1
! SUMMARY-  Matrix ......................:     1
! SUMMARY-  Reference Set ...............:     1
! SUMMARY-  Solid/Sheet .................:
! SUMMARY-     Body .....................:     1
! SUMMARY-                                 -----
! SUMMARY-  Total                              9
! SUMMARY-   
! SUMMARY-  Summary of Unigraphics Part Entities
! SUMMARY-  For Part: con truot Z38678.prt 
! SUMMARY-  Entities Processed             Count
! SUMMARY-  ------------------             -----
! SUMMARY-  Part Attribute ..............:     1
! SUMMARY-  Font ........................:     1
! SUMMARY-  Color Table .................:     2
! SUMMARY-  Coordinate System ...........:     1
! SUMMARY-  Parameter ...................:     1
! SUMMARY-  Matrix ......................:     1
! SUMMARY-  Reference Set ...............:     1
! SUMMARY-  Solid/Sheet .................:
! SUMMARY-     Body .....................:     1
! SUMMARY-                                 -----
! SUMMARY-  Total                              9
! SUMMARY-   
! SUMMARY-  Summary of Unigraphics Part Entities
! SUMMARY-  For Part: vitmebi10167.prt 
! SUMMARY-  Entities Processed             Count
! SUMMARY-  ------------------             -----
! SUMMARY-  Part Attribute ..............:     1
! SUMMARY-  Font ........................:     1
! SUMMARY-  Color Table .................:     2
! SUMMARY-  Coordinate System ...........:     1
! SUMMARY-  Parameter ...................:     1
! SUMMARY-  Matrix ......................:     1
! SUMMARY-  Reference Set ...............:     1
! SUMMARY-  Solid/Sheet .................:
! SUMMARY-     Body .....................:     2
! SUMMARY-                                 -----
! SUMMARY-  Total                             10
! SUMMARY-   
! SUMMARY-  Summary of Unigraphics Part Entities
! SUMMARY-  For Part: dao dao43988.prt 
! SUMMARY-  Entities Processed             Count
! SUMMARY-  ------------------             -----
! SUMMARY-  Part Attribute ..............:     1
! SUMMARY-  Font ........................:     1
! SUMMARY-  Color Table .................:     2
! SUMMARY-  Coordinate System ...........:     1
! SUMMARY-  Parameter ...................:     1
! SUMMARY-  Matrix ......................:     1
! SUMMARY-  Reference Set ...............:     1
! SUMMARY-  Solid/Sheet .................:
! SUMMARY-     Body .....................:     1
! SUMMARY-                                 -----
! SUMMARY-  Total                              9
! SUMMARY-   
! SUMMARY-  Summary of Unigraphics Part Entities
! SUMMARY-  For Part: bich- dau dao42679.prt 
! SUMMARY-  Entities Processed             Count
! SUMMARY-  ------------------             -----
! SUMMARY-  Part Attribute ..............:     1
! SUMMARY-  Font ........................:     1
! SUMMARY-  Color Table .................:     2
! SUMMARY-  Coordinate System ...........:     1
! SUMMARY-  Parameter ...................:     1
! SUMMARY-  Matrix ......................:     1
! SUMMARY-  Reference Set ...............:     1
! SUMMARY-  Solid/Sheet .................:
! SUMMARY-     Body .....................:     1
! SUMMARY-                                 -----
! SUMMARY-  Total                              9
! SUMMARY-   
! SUMMARY-  Summary of Unigraphics Part Entities
! SUMMARY-  For Part: ban may dao40136.prt 
! SUMMARY-  Entities Processed             Count
! SUMMARY-  ------------------             -----
! SUMMARY-  Part Attribute ..............:     1
! SUMMARY-  Font ........................:     1
! SUMMARY-  Color Table .................:     2
! SUMMARY-  Coordinate System ...........:     1
! SUMMARY-  Parameter ...................:     1
! SUMMARY-  Matrix ......................:     1
! SUMMARY-  Reference Set ...............:     1
! SUMMARY-  Solid/Sheet .................:
! SUMMARY-     Body .....................:     1
! SUMMARY-                                 -----
! SUMMARY-  Total                              9
! SUMMARY-   
! SUMMARY-  Summary of Unigraphics Part Entities
! SUMMARY-  For Part: Thanh Gat.prt 
! SUMMARY-  Entities Processed             Count
! SUMMARY-  ------------------             -----
! SUMMARY-  Part Attribute ..............:     1
! SUMMARY-  Font ........................:     1
! SUMMARY-  Color Table .................:     2
! SUMMARY-  Coordinate System ...........:     2
! SUMMARY-  Parameter ...................:     1
! SUMMARY-  Matrix ......................:     1
! SUMMARY-  Reference Set ...............:     1
! SUMMARY-  Solid/Sheet .................:
! SUMMARY-     Body .....................:     1
! SUMMARY-                                 -----
! SUMMARY-  Total                             10
! SUMMARY-   
! SUMMARY-  Summary of Unigraphics Part Entities
! SUMMARY-  For Part: vong bi vit me14292.prt 
! SUMMARY-  Entities Processed             Count
! SUMMARY-  ------------------             -----
! SUMMARY-  Part Attribute ..............:     1
! SUMMARY-  Font ........................:     1
! SUMMARY-  Color Table .................:     2
! SUMMARY-  Coordinate System ...........:     1
! SUMMARY-  Parameter ...................:     1
! SUMMARY-  Matrix ......................:     1
! SUMMARY-  Reference Set ...............:     1
! SUMMARY-  Solid/Sheet .................:
! SUMMARY-     Body .....................:     1
! SUMMARY-                                 -----
! SUMMARY-  Total                              9
! SUMMARY-   
! SUMMARY-  Summary of Unigraphics Part Entities
! SUMMARY-  For Part: M6-20-con truot Z.155869.prt 
! SUMMARY-  Entities Processed             Count
! SUMMARY-  ------------------             -----
! SUMMARY-  Part Attribute ..............:     1
! SUMMARY-  Font ........................:     1
! SUMMARY-  Color Table .................:     2
! SUMMARY-  Coordinate System ...........:     1
! SUMMARY-  Parameter ...................:     1
! SUMMARY-  Matrix ......................:     1
! SUMMARY-  Reference Set ...............:     1
! SUMMARY-  Solid/Sheet .................:
! SUMMARY-     Body .....................:     1
! SUMMARY-                                 -----
! SUMMARY-  Total                              9
! SUMMARY-   
! SUMMARY-  Summary of Unigraphics Part Entities
! SUMMARY-  For Part: Part20.2.478717.prt 
! SUMMARY-  Entities Processed             Count
! SUMMARY-  ------------------             -----
! SUMMARY-  Part Attribute ..............:     1
! SUMMARY-  Font ........................:     1
! SUMMARY-  Color Table .................:     2
! SUMMARY-  Coordinate System ...........:     1
! SUMMARY-  Parameter ...................:     1
! SUMMARY-  Matrix ......................:     1
! SUMMARY-  Reference Set ...............:     1
! SUMMARY-  Solid/Sheet .................:
! SUMMARY-     Body .....................:     1
! SUMMARY-                                 -----
! SUMMARY-  Total                              9
! SUMMARY-   
! SUMMARY-  Summary of Unigraphics Part Entities
! SUMMARY-  For Part: Part2018124.prt 
! SUMMARY-  Entities Processed             Count
! SUMMARY-  ------------------             -----
! SUMMARY-  Part Attribute ..............:     1
! SUMMARY-  Font ........................:     1
! SUMMARY-  Color Table .................:     2
! SUMMARY-  Coordinate System ...........:     1
! SUMMARY-  Parameter ...................:     1
! SUMMARY-  Matrix ......................:     1
! SUMMARY-  Reference Set ...............:     1
! SUMMARY-  Solid/Sheet .................:
! SUMMARY-     Body .....................:     1
! SUMMARY-                                 -----
! SUMMARY-  Total                              9
! SUMMARY-   
! SUMMARY-  Summary of Unigraphics Part Entities
! SUMMARY-  For Part: Part20.256728.prt 
! SUMMARY-  Entities Processed             Count
! SUMMARY-  ------------------             -----
! SUMMARY-  Part Attribute ..............:     1
! SUMMARY-  Font ........................:     1
! SUMMARY-  Color Table .................:     2
! SUMMARY-  Coordinate System ...........:     1
! SUMMARY-  Parameter ...................:     1
! SUMMARY-  Matrix ......................:     1
! SUMMARY-  Reference Set ...............:     1
! SUMMARY-  Solid/Sheet .................:
! SUMMARY-     Body .....................:     1
! SUMMARY-                                 -----
! SUMMARY-  Total                              9
! SUMMARY-   
! SUMMARY-  Summary of Unigraphics Part Entities
! SUMMARY-  For Part: Part20.1.319977.prt 
! SUMMARY-  Entities Processed             Count
! SUMMARY-  ------------------             -----
! SUMMARY-  Part Attribute ..............:     1
! SUMMARY-  Font ........................:     1
! SUMMARY-  Color Table .................:     2
! SUMMARY-  Coordinate System ...........:     1
! SUMMARY-  Parameter ...................:     1
! SUMMARY-  Matrix ......................:     1
! SUMMARY-  Reference Set ...............:     1
! SUMMARY-  Solid/Sheet .................:
! SUMMARY-     Body .....................:     1
! SUMMARY-                                 -----
! SUMMARY-  Total                              9
! SUMMARY-   
! SUMMARY-  Summary of Unigraphics Part Entities
! SUMMARY-  For Part: M6-20-con truot Z.216249.prt 
! SUMMARY-  Entities Processed             Count
! SUMMARY-  ------------------             -----
! SUMMARY-  Part Attribute ..............:     1
! SUMMARY-  Font ........................:     1
! SUMMARY-  Color Table .................:     2
! SUMMARY-  Coordinate System ...........:     1
! SUMMARY-  Parameter ...................:     1
! SUMMARY-  Matrix ......................:     1
! SUMMARY-  Reference Set ...............:     1
! SUMMARY-  Solid/Sheet .................:
! SUMMARY-     Body .....................:     1
! SUMMARY-                                 -----
! SUMMARY-  Total                              9
! SUMMARY-   
! SUMMARY-  Summary of Unigraphics Part Entities
! SUMMARY-  For Part: JIG.prt 
! SUMMARY-  Entities Processed             Count
! SUMMARY-  ------------------             -----
! SUMMARY-  Part Attribute ..............:     1
! SUMMARY-  Font ........................:     1
! SUMMARY-  Color Table .................:     2
! SUMMARY-  Coordinate System ...........:     1
! SUMMARY-  Parameter ...................:     1
! SUMMARY-  Matrix ......................:     1
! SUMMARY-  Reference Set ...............:     1
! SUMMARY-  Solid/Sheet .................:
! SUMMARY-     Body .....................:     1
! SUMMARY-                                 -----
! SUMMARY-  Total                              9
! SUMMARY-   
! SUMMARY-  Summary of Unigraphics Part Entities
! SUMMARY-  For Part: JIG_1.prt 
! SUMMARY-  Entities Processed             Count
! SUMMARY-  ------------------             -----
! SUMMARY-  Part Attribute ..............:     1
! SUMMARY-  Font ........................:     1
! SUMMARY-  Color Table .................:     2
! SUMMARY-  Coordinate System ...........:     1
! SUMMARY-  Parameter ...................:     1
! SUMMARY-  Matrix ......................:     1
! SUMMARY-  Reference Set ...............:     1
! SUMMARY-  Solid/Sheet .................:
! SUMMARY-     Body .....................:     1
! SUMMARY-                                 -----
! SUMMARY-  Total                              9
! SUMMARY-   
! SUMMARY-  Summary of Unigraphics Part Entities
! SUMMARY-  For Part: bich Y46677.prt 
! SUMMARY-  Entities Processed             Count
! SUMMARY-  ------------------             -----
! SUMMARY-  Part Attribute ..............:     1
! SUMMARY-  Font ........................:     1
! SUMMARY-  Color Table .................:     2
! SUMMARY-  Coordinate System ...........:     1
! SUMMARY-  Parameter ...................:     1
! SUMMARY-  Matrix ......................:     1
! SUMMARY-  Reference Set ...............:     1
! SUMMARY-  Solid/Sheet .................:
! SUMMARY-     Body .....................:     1
! SUMMARY-                                 -----
! SUMMARY-  Total                              9
! SUMMARY-   
! SUMMARY-  Summary of Unigraphics Part Entities
! SUMMARY-  For Part: danhuong X47250.prt 
! SUMMARY-  Entities Processed             Count
! SUMMARY-  ------------------             -----
! SUMMARY-  Part Attribute ..............:     1
! SUMMARY-  Font ........................:     1
! SUMMARY-  Color Table .................:     2
! SUMMARY-  Coordinate System ...........:     1
! SUMMARY-  Parameter ...................:     1
! SUMMARY-  Matrix ......................:     1
! SUMMARY-  Reference Set ...............:     1
! SUMMARY-  Solid/Sheet .................:
! SUMMARY-     Body .....................:     1
! SUMMARY-                                 -----
! SUMMARY-  Total                              9
! SUMMARY-   
! SUMMARY-  Summary of Unigraphics Part Entities
! SUMMARY-  For Part: bich-de may47595.prt 
! SUMMARY-  Entities Processed             Count
! SUMMARY-  ------------------             -----
! SUMMARY-  Part Attribute ..............:     1
! SUMMARY-  Font ........................:     1
! SUMMARY-  Color Table .................:     2
! SUMMARY-  Coordinate System ...........:     1
! SUMMARY-  Parameter ...................:     1
! SUMMARY-  Matrix ......................:     1
! SUMMARY-  Reference Set ...............:     1
! SUMMARY-  Solid/Sheet .................:
! SUMMARY-     Body .....................:     1
! SUMMARY-                                 -----
! SUMMARY-  Total                              9
! SUMMARY-   
! SUMMARY-  Summary of Unigraphics Part Entities
! SUMMARY-  For Part: de may.148168.prt 
! SUMMARY-  Entities Processed             Count
! SUMMARY-  ------------------             -----
! SUMMARY-  Part Attribute ..............:     1
! SUMMARY-  Font ........................:     1
! SUMMARY-  Color Table .................:     2
! SUMMARY-  Coordinate System ...........:     1
! SUMMARY-  Parameter ...................:     1
! SUMMARY-  Matrix ......................:     1
! SUMMARY-  Reference Set ...............:     1
! SUMMARY-  Solid/Sheet .................:
! SUMMARY-     Body .....................:     1
! SUMMARY-                                 -----
! SUMMARY-  Total                              9
! SUMMARY-   
! SUMMARY-  Summary of Unigraphics Part Entities
! SUMMARY-  For Part: cot tru- de may49321.prt 
! SUMMARY-  Entities Processed             Count
! SUMMARY-  ------------------             -----
! SUMMARY-  Part Attribute ..............:     1
! SUMMARY-  Font ........................:     1
! SUMMARY-  Color Table .................:     2
! SUMMARY-  Coordinate System ...........:     1
! SUMMARY-  Parameter ...................:     1
! SUMMARY-  Matrix ......................:     1
! SUMMARY-  Reference Set ...............:     1
! SUMMARY-  Solid/Sheet .................:
! SUMMARY-     Body .....................:     1
! SUMMARY-                                 -----
! SUMMARY-  Total                              9
! SUMMARY-   
! SUMMARY-  Summary of Unigraphics Part Entities
! SUMMARY-  For Part: ban may Y49993.prt 
! SUMMARY-  Entities Processed             Count
! SUMMARY-  ------------------             -----
! SUMMARY-  Part Attribute ..............:     1
! SUMMARY-  Font ........................:     1
! SUMMARY-  Color Table .................:     2
! SUMMARY-  Coordinate System ...........:     1
! SUMMARY-  Parameter ...................:     1
! SUMMARY-  Matrix ......................:     1
! SUMMARY-  Reference Set ...............:     1
! SUMMARY-  Solid/Sheet .................:
! SUMMARY-     Body .....................:     1
! SUMMARY-                                 -----
! SUMMARY-  Total                              9
! SUMMARY-   
! SUMMARY-  Summary of Unigraphics Part Entities
! SUMMARY-  For Part: o lan62.prt 
! SUMMARY-  Entities Processed             Count
! SUMMARY-  ------------------             -----
! SUMMARY-  Part Attribute ..............:     1
! SUMMARY-  Font ........................:     1
! SUMMARY-  Color Table .................:     2
! SUMMARY-  Coordinate System ...........:     1
! SUMMARY-  Parameter ...................:     1
! SUMMARY-  Matrix ......................:     1
! SUMMARY-  Reference Set ...............:     1
! SUMMARY-  Solid/Sheet .................:
! SUMMARY-     Body .....................:     1
! SUMMARY-                                 -----
! SUMMARY-  Total                              9
! SUMMARY-   
! SUMMARY-  Summary of Unigraphics Part Entities
! SUMMARY-  For Part: danhuong-Y51435.prt 
! SUMMARY-  Entities Processed             Count
! SUMMARY-  ------------------             -----
! SUMMARY-  Part Attribute ..............:     1
! SUMMARY-  Font ........................:     1
! SUMMARY-  Color Table .................:     2
! SUMMARY-  Coordinate System ...........:     1
! SUMMARY-  Parameter ...................:     1
! SUMMARY-  Matrix ......................:     1
! SUMMARY-  Reference Set ...............:     1
! SUMMARY-  Solid/Sheet .................:
! SUMMARY-     Body .....................:     1
! SUMMARY-                                 -----
! SUMMARY-  Total                              9
! SUMMARY-   
! SUMMARY-  Summary of Unigraphics Part Entities
! SUMMARY-  For Part: vong ghep14123.prt 
! SUMMARY-  Entities Processed             Count
! SUMMARY-  ------------------             -----
! SUMMARY-  Part Attribute ..............:     1
! SUMMARY-  Font ........................:     1
! SUMMARY-  Color Table .................:     2
! SUMMARY-  Coordinate System ...........:     1
! SUMMARY-  Parameter ...................:     1
! SUMMARY-  Matrix ......................:     1
! SUMMARY-  Reference Set ...............:     1
! SUMMARY-  Solid/Sheet .................:
! SUMMARY-     Body .....................:     1
! SUMMARY-                                 -----
! SUMMARY-  Total                              9
! SUMMARY-   
! SUMMARY-  Summary of Unigraphics Part Entities
! SUMMARY-  For Part: M10-45-demay-bich-cot51955.prt 
! SUMMARY-  Entities Processed             Count
! SUMMARY-  ------------------             -----
! SUMMARY-  Part Attribute ..............:     1
! SUMMARY-  Font ........................:     1
! SUMMARY-  Color Table .................:     2
! SUMMARY-  Coordinate System ...........:     1
! SUMMARY-  Parameter ...................:     1
! SUMMARY-  Matrix ......................:     1
! SUMMARY-  Reference Set ...............:     1
! SUMMARY-  Solid/Sheet .................:
! SUMMARY-     Body .....................:     1
! SUMMARY-                                 -----
! SUMMARY-  Total                              9
! SUMMARY-   
! SUMMARY-  Summary of Unigraphics Part Entities
! SUMMARY-  For Part: 1252956.prt 
! SUMMARY-  Entities Processed             Count
! SUMMARY-  ------------------             -----
! SUMMARY-  Part Attribute ..............:     1
! SUMMARY-  Font ........................:     1
! SUMMARY-  Color Table .................:     2
! SUMMARY-  Coordinate System ...........:     1
! SUMMARY-  Parameter ...................:     1
! SUMMARY-  Matrix ......................:     1
! SUMMARY-  Reference Set ...............:     1
! SUMMARY-  Solid/Sheet .................:
! SUMMARY-     Body .....................:     1
! SUMMARY-                                 -----
! SUMMARY-  Total                              9
! SUMMARY-   
! SUMMARY-  Summary of Unigraphics Part Entities
! SUMMARY-  For Part: 2353867.prt 
! SUMMARY-  Entities Processed             Count
! SUMMARY-  ------------------             -----
! SUMMARY-  Part Attribute ..............:     1
! SUMMARY-  Font ........................:     1
! SUMMARY-  Color Table .................:     2
! SUMMARY-  Coordinate System ...........:     1
! SUMMARY-  Parameter ...................:     1
! SUMMARY-  Matrix ......................:     1
! SUMMARY-  Reference Set ...............:     1
! SUMMARY-  Solid/Sheet .................:
! SUMMARY-     Body .....................:     1
! SUMMARY-                                 -----
! SUMMARY-  Total                              9
! SUMMARY-   
! SUMMARY-  Summary of Unigraphics Part Entities
! SUMMARY-  For Part: 8754838.prt 
! SUMMARY-  Entities Processed             Count
! SUMMARY-  ------------------             -----
! SUMMARY-  Part Attribute ..............:     1
! SUMMARY-  Font ........................:     1
! SUMMARY-  Color Table .................:     2
! SUMMARY-  Coordinate System ...........:     1
! SUMMARY-  Parameter ...................:     1
! SUMMARY-  Matrix ......................:     1
! SUMMARY-  Reference Set ...............:     1
! SUMMARY-  Solid/Sheet .................:
! SUMMARY-     Body .....................:     1
! SUMMARY-                                 -----
! SUMMARY-  Total                              9
! SUMMARY-   
! SUMMARY-  Summary of Unigraphics Part Entities
! SUMMARY-  For Part: vime X56720.prt 
! SUMMARY-  Entities Processed             Count
! SUMMARY-  ------------------             -----
! SUMMARY-  Part Attribute ..............:     1
! SUMMARY-  Font ........................:     1
! SUMMARY-  Color Table .................:     2
! SUMMARY-  Coordinate System ...........:     1
! SUMMARY-  Parameter ...................:     1
! SUMMARY-  Matrix ......................:     1
! SUMMARY-                                 -----
! SUMMARY-  Total                              7
! SUMMARY-   
! SUMMARY-  Summary of Unigraphics Part Entities
! SUMMARY-  For Part: vime Y78709.prt 
! SUMMARY-  Entities Processed             Count
! SUMMARY-  ------------------             -----
! SUMMARY-  Part Attribute ..............:     1
! SUMMARY-  Font ........................:     1
! SUMMARY-  Color Table .................:     2
! SUMMARY-  Coordinate System ...........:     1
! SUMMARY-  Parameter ...................:     1
! SUMMARY-  Matrix ......................:     1
! SUMMARY-                                 -----
! SUMMARY-  Total                              7
! SUMMARY-   
! SUMMARY-  Summary of Unigraphics Part Entities
! SUMMARY-  For Part: bich- Z3910.prt 
! SUMMARY-  Entities Processed             Count
! SUMMARY-  ------------------             -----
! SUMMARY-  Part Attribute ..............:     1
! SUMMARY-  Font ........................:     1
! SUMMARY-  Color Table .................:     2
! SUMMARY-  Coordinate System ...........:     1
! SUMMARY-  Parameter ...................:     1
! SUMMARY-  Matrix ......................:     1
! SUMMARY-  Reference Set ...............:     1
! SUMMARY-  Solid/Sheet .................:
! SUMMARY-     Body .....................:     1
! SUMMARY-                                 -----
! SUMMARY-  Total                              9
! SUMMARY-   
! SUMMARY-  Summary of Unigraphics Part Entities
! SUMMARY-  For Part: banmay Z4506.prt 
! SUMMARY-  Entities Processed             Count
! SUMMARY-  ------------------             -----
! SUMMARY-  Part Attribute ..............:     1
! SUMMARY-  Font ........................:     1
! SUMMARY-  Color Table .................:     2
! SUMMARY-  Coordinate System ...........:     1
! SUMMARY-  Parameter ...................:     1
! SUMMARY-  Matrix ......................:     1
! SUMMARY-  Reference Set ...............:     1
! SUMMARY-  Solid/Sheet .................:
! SUMMARY-     Body .....................:     1
! SUMMARY-                                 -----
! SUMMARY-  Total                              9
! SUMMARY-   
! SUMMARY-  Summary of Unigraphics Part Entities
! SUMMARY-  For Part: con truot -Y6648.prt 
! SUMMARY-  Entities Processed             Count
! SUMMARY-  ------------------             -----
! SUMMARY-  Part Attribute ..............:     1
! SUMMARY-  Font ........................:     1
! SUMMARY-  Color Table .................:     2
! SUMMARY-  Coordinate System ...........:     1
! SUMMARY-  Parameter ...................:     1
! SUMMARY-  Matrix ......................:     1
! SUMMARY-  Reference Set ...............:     1
! SUMMARY-  Solid/Sheet .................:
! SUMMARY-     Body .....................:     1
! SUMMARY-                                 -----
! SUMMARY-  Total                              9
! SUMMARY-   
! SUMMARY-  Summary of Unigraphics Part Entities
! SUMMARY-  For Part: lot -Y7913.prt 
! SUMMARY-  Entities Processed             Count
! SUMMARY-  ------------------             -----
! SUMMARY-  Part Attribute ..............:     1
! SUMMARY-  Font ........................:     1
! SUMMARY-  Color Table .................:     2
! SUMMARY-  Coordinate System ...........:     1
! SUMMARY-  Parameter ...................:     1
! SUMMARY-  Matrix ......................:     1
! SUMMARY-  Reference Set ...............:     1
! SUMMARY-  Solid/Sheet .................:
! SUMMARY-     Body .....................:     1
! SUMMARY-                                 -----
! SUMMARY-  Total                              9
! SUMMARY-   
! SUMMARY-  Summary of Unigraphics Part Entities
! SUMMARY-  For Part: dan huong Z8209.prt 
! SUMMARY-  Entities Processed             Count
! SUMMARY-  ------------------             -----
! SUMMARY-  Part Attribute ..............:     1
! SUMMARY-  Font ........................:     1
! SUMMARY-  Color Table .................:     2
! SUMMARY-  Coordinate System ...........:     1
! SUMMARY-  Parameter ...................:     1
! SUMMARY-  Matrix ......................:     1
! SUMMARY-  Reference Set ...............:     1
! SUMMARY-  Solid/Sheet .................:
! SUMMARY-     Body .....................:     1
! SUMMARY-                                 -----
! SUMMARY-  Total                              9
! SUMMARY-   
! SUMMARY-  Summary of Unigraphics Part Entities
! SUMMARY-  For Part: M8-20-bich X-con truot X.311390.prt 
! SUMMARY-  Entities Processed             Count
! SUMMARY-  ------------------             -----
! SUMMARY-  Part Attribute ..............:     1
! SUMMARY-  Font ........................:     1
! SUMMARY-  Color Table .................:     2
! SUMMARY-  Coordinate System ...........:     1
! SUMMARY-  Parameter ...................:     1
! SUMMARY-  Matrix ......................:     1
! SUMMARY-  Reference Set ...............:     1
! SUMMARY-  Solid/Sheet .................:
! SUMMARY-     Body .....................:     1
! SUMMARY-                                 -----
! SUMMARY-  Total                              9
! SUMMARY-   
! SUMMARY-  Summary of Unigraphics Part Entities
! SUMMARY-  For Part: 3412301.prt 
! SUMMARY-  Entities Processed             Count
! SUMMARY-  ------------------             -----
! SUMMARY-  Part Attribute ..............:     1
! SUMMARY-  Font ........................:     1
! SUMMARY-  Color Table .................:     2
! SUMMARY-  Coordinate System ...........:     1
! SUMMARY-  Parameter ...................:     1
! SUMMARY-  Matrix ......................:     1
! SUMMARY-  Reference Set ...............:     1
! SUMMARY-  Solid/Sheet .................:
! SUMMARY-     Body .....................:     1
! SUMMARY-                                 -----
! SUMMARY-  Total                              9
! SUMMARY-   
! SUMMARY-  Summary of Unigraphics Part Entities
! SUMMARY-  For Part: 7814577.prt 
! SUMMARY-  Entities Processed             Count
! SUMMARY-  ------------------             -----
! SUMMARY-  Part Attribute ..............:     1
! SUMMARY-  Font ........................:     1
! SUMMARY-  Color Table .................:     2
! SUMMARY-  Coordinate System ...........:     1
! SUMMARY-  Parameter ...................:     1
! SUMMARY-  Matrix ......................:     1
! SUMMARY-  Reference Set ...............:     1
! SUMMARY-  Solid/Sheet .................:
! SUMMARY-     Body .....................:     1
! SUMMARY-                                 -----
! SUMMARY-  Total                              9
! SUMMARY-   
! SUMMARY-  Summary of Unigraphics Part Entities
! SUMMARY-  For Part: vime Z18116.prt 
! SUMMARY-  Entities Processed             Count
! SUMMARY-  ------------------             -----
! SUMMARY-  Part Attribute ..............:     1
! SUMMARY-  Font ........................:     1
! SUMMARY-  Color Table .................:     2
! SUMMARY-  Coordinate System ...........:     1
! SUMMARY-  Parameter ...................:     1
! SUMMARY-  Matrix ......................:     1
! SUMMARY-                                 -----
! SUMMARY-  Total                              7
! SUMMARY-   
! SUMMARY-  Summary of Unigraphics Part Entities
! SUMMARY-  For Part: ban may X- bich29864.prt 
! SUMMARY-  Entities Processed             Count
! SUMMARY-  ------------------             -----
! SUMMARY-  Part Attribute ..............:     1
! SUMMARY-  Font ........................:     1
! SUMMARY-  Color Table .................:     2
! SUMMARY-  Coordinate System ...........:     1
! SUMMARY-  Parameter ...................:     1
! SUMMARY-  Matrix ......................:     1
! SUMMARY-  Reference Set ...............:     1
! SUMMARY-  Solid/Sheet .................:
! SUMMARY-     Body .....................:     1
! SUMMARY-                                 -----
! SUMMARY-  Total                              9
! SUMMARY-   
! SUMMARY-  Summary of Unigraphics Part Entities
! SUMMARY-  For Part: ban may X- chu T31478.prt 
! SUMMARY-  Entities Processed             Count
! SUMMARY-  ------------------             -----
! SUMMARY-  Part Attribute ..............:     1
! SUMMARY-  Font ........................:     1
! SUMMARY-  Color Table .................:     2
! SUMMARY-  Coordinate System ...........:     1
! SUMMARY-  Parameter ...................:     1
! SUMMARY-  Matrix ......................:     1
! SUMMARY-  Reference Set ...............:     1
! SUMMARY-  Solid/Sheet .................:
! SUMMARY-     Body .....................:     4
! SUMMARY-                                 -----
! SUMMARY-  Total                             12
! SUMMARY-   
! SUMMARY-  Summary of Unigraphics Part Entities
! SUMMARY-  For Part: banmay X33211.prt 
! SUMMARY-  Entities Processed             Count
! SUMMARY-  ------------------             -----
! SUMMARY-  Part Attribute ..............:     1
! SUMMARY-  Font ........................:     1
! SUMMARY-  Color Table .................:     2
! SUMMARY-  Coordinate System ...........:     1
! SUMMARY-  Parameter ...................:     1
! SUMMARY-  Matrix ......................:     1
! SUMMARY-  Reference Set ...............:     1
! SUMMARY-  Solid/Sheet .................:
! SUMMARY-     Body .....................:     1
! SUMMARY-                                 -----
! SUMMARY-  Total                              9
! SUMMARY-   
! SUMMARY-  Summary of Unigraphics Part Entities
! SUMMARY-  For Part: con truot X35765.prt 
! SUMMARY-  Entities Processed             Count
! SUMMARY-  ------------------             -----
! SUMMARY-  Part Attribute ..............:     1
! SUMMARY-  Font ........................:     1
! SUMMARY-  Color Table .................:     2
! SUMMARY-  Coordinate System ...........:     1
! SUMMARY-  Parameter ...................:     1
! SUMMARY-  Matrix ......................:     1
! SUMMARY-  Reference Set ...............:     1
! SUMMARY-  Solid/Sheet .................:
! SUMMARY-     Body .....................:     1
! SUMMARY-                                 -----
! SUMMARY-  Total                              9
! SUMMARY-   
! SUMMARY-  Summary of Unigraphics Part Entities
! SUMMARY-  For Part: lot X37030.prt 
! SUMMARY-  Entities Processed             Count
! SUMMARY-  ------------------             -----
! SUMMARY-  Part Attribute ..............:     1
! SUMMARY-  Font ........................:     1
! SUMMARY-  Color Table .................:     2
! SUMMARY-  Coordinate System ...........:     1
! SUMMARY-  Parameter ...................:     1
! SUMMARY-  Matrix ......................:     1
! SUMMARY-  Reference Set ...............:     1
! SUMMARY-  Solid/Sheet .................:
! SUMMARY-     Body .....................:     1
! SUMMARY-                                 -----
! SUMMARY-  Total                              9
! SUMMARY-   
! SUMMARY-  Summary of Unigraphics Part Entities
! SUMMARY-  For Part: M8-14-chu T-Ban may37356.prt 
! SUMMARY-  Entities Processed             Count
! SUMMARY-  ------------------             -----
! SUMMARY-  Part Attribute ..............:     1
! SUMMARY-  Font ........................:     1
! SUMMARY-  Color Table .................:     2
! SUMMARY-  Coordinate System ...........:     1
! SUMMARY-  Parameter ...................:     1
! SUMMARY-  Matrix ......................:     1
! SUMMARY-  Reference Set ...............:     1
! SUMMARY-  Solid/Sheet .................:
! SUMMARY-     Body .....................:     1
! SUMMARY-                                 -----
! SUMMARY-  Total                              9
! STATUS-    
! STATUS-   Converting to Output Form (Phase 2 of 3): 8-JUN-2026 2:49:36 PM
! STATUS-    
! STATUS-    
! STATUS-   Generating UG geometry and placing them in parts
! STATUS-    
! SUMMARY-   
! SUMMARY-    STEP Header Information
! SUMMARY-   
! SUMMARY-  Description      Unknown
! SUMMARY-  Imp_Level        1
! SUMMARY-  File_Name        VIRTUAL_MILLING_CNC.stp
! SUMMARY-  Date             2026-06-08T14:49:36+07:00
! SUMMARY-  Author           Unknown
! SUMMARY-  Organization     Unknown
! SUMMARY-  Pre_Version      ST-DEVELOPER v20
! SUMMARY-  Orig_System      SIEMENS PLM Software NX2506.1700
! SUMMARY-  Authorization    Unknown
! SUMMARY-  Schema_ID        step_merged_ap_schema
! SUMMARY-   
! SUMMARY-    Summary of STEP Entities
! SUMMARY-   
! SUMMARY-  Entity Type                                                   Count
! SUMMARY-  -----------                                                   ------
! SUMMARY-  advanced_face ..............................................:   2654
! SUMMARY-  application_context ........................................:      1
! SUMMARY-  axis2_placement_3d .........................................:   4805
! SUMMARY-  b_spline_curve_with_knots ..................................:    959
! SUMMARY-  b_spline_curve_with_knots_and_rational_b_spline_curve ......:    764
! SUMMARY-  b_spline_surface_with_knots_and_rational_b_spline_surface ..:    384
! SUMMARY-  cartesian_point ............................................:  33040
! SUMMARY-  circle .....................................................:   2308
! SUMMARY-  closed_shell ...............................................:     59
! SUMMARY-  conical_surface ............................................:    168
! SUMMARY-  context_dependent_shape_representation .....................:    231
! SUMMARY-  conversion_based_unit_and_plane_angle_unit .................:     70
! SUMMARY-  cylindrical_surface ........................................:   1212
! SUMMARY-  dimensional_exponents ......................................:     70
! SUMMARY-  direction ..................................................:  12350
! SUMMARY-  edge_curve .................................................:   6761
! SUMMARY-  edge_loop ..................................................:   3148
! SUMMARY-  face_bound .................................................:    721
! SUMMARY-  face_outer_bound ...........................................:   2427
! SUMMARY-  geometric_representation_context_and_global_uncertainty_a ..:     70
! SUMMARY-  item_defined_transformation ................................:    231
! SUMMARY-  length_unit_and_si_unit ....................................:     70
! SUMMARY-  line .......................................................:   2735
! SUMMARY-  manifold_solid_brep ........................................:     59
! SUMMARY-  next_assembly_usage_occurrence .............................:    231
! SUMMARY-  oriented_edge ..............................................:  13522
! SUMMARY-  plane ......................................................:    851
! SUMMARY-  plane_angle_measure_with_unit ..............................:     70
! SUMMARY-  plane_angle_unit_and_si_unit ...............................:     70
! SUMMARY-  product ....................................................:     70
! SUMMARY-  product_context ............................................:     70
! SUMMARY-  product_definition .........................................:     70
! SUMMARY-  product_definition_context .................................:     70
! SUMMARY-  product_definition_formation_with_specified_source .........:     70
! SUMMARY-  product_definition_shape ...................................:    301
! SUMMARY-  product_related_product_category ...........................:     70
! SUMMARY-  representation_relationship_with_transformation_and_shape ..:    231
! SUMMARY-  shape_representation .......................................:     70
! SUMMARY-  si_unit_and_solid_angle_unit ...............................:     70
! SUMMARY-  spherical_surface ..........................................:      2
! SUMMARY-  surface_of_linear_extrusion ................................:      5
! SUMMARY-  toroidal_surface ...........................................:     32
! SUMMARY-  uncertainty_measure_with_unit ..............................:     70
! SUMMARY-  vector .....................................................:   2740
! SUMMARY-  vertex_point ...............................................:   4419
! SUMMARY-                                                               -------
! SUMMARY-  Total                                                          98401
! INFO-     Bspline aprx. value in effect for this translation :0.025400 millimeter
! INFO-      
! INFO-     Total number of solids input for this translation  :      59
! INFO-      
! INFO-     Number of solids processed without problems        :      59
! INFO-      
! INFO-     Number of solids with problems output as sheets    :       0
! INFO-      
! INFO-     Number of solids not processed                     :       0
! INFO-      
! INFO-     End of Translation: 8-JUN-2026  2:49:36 PM
! INFO-      
UG to STEP
! INFO-     NX STEP AP214 - V2506.1700
! INFO-      
! INFO-     Start of Translation: 8-JUN-2026  4:54:59 PM
! INFO-      
! STATUS-   Converting Part: C:\Users\PC\Downloads\CNC_UPDATE\CNC_UPDATE\VIRTUAL_MILLING_CNC.prt
! SUMMARY-   
! SUMMARY-  Summary of Unigraphics Part Entities
! SUMMARY-  For Part: C:\Users\PC\Downloads\CNC_UPDATE\CNC_UPDATE\VIRTUAL_MILLING_CNC.prt 
! SUMMARY-  Entities Processed             Count
! SUMMARY-  ------------------             -----
! SUMMARY-  Part Attribute ..............:     1
! SUMMARY-  Font ........................:     1
! SUMMARY-  Color Table .................:     2
! SUMMARY-  Coordinate System ...........:     1
! SUMMARY-  Parameter ...................:     1
! SUMMARY-  Matrix ......................:     1
! SUMMARY-  Component ...................:    18
! SUMMARY-                                 -----
! SUMMARY-  Total                             25
! SUMMARY-   
! SUMMARY-  Summary of Unigraphics Part Entities
! SUMMARY-  For Part: truc X-oc46669.prt 
! SUMMARY-  Entities Processed             Count
! SUMMARY-  ------------------             -----
! SUMMARY-  Part Attribute ..............:     1
! SUMMARY-  Font ........................:     1
! SUMMARY-  Color Table .................:     2
! SUMMARY-  Coordinate System ...........:     1
! SUMMARY-  Parameter ...................:     1
! SUMMARY-  Matrix ......................:     1
! SUMMARY-  Component ...................:    59
! SUMMARY-                                 -----
! SUMMARY-  Total                             66
! SUMMARY-   
! SUMMARY-  Summary of Unigraphics Part Entities
! SUMMARY-  For Part: dong co8554.prt 
! SUMMARY-  Entities Processed             Count
! SUMMARY-  ------------------             -----
! SUMMARY-  Part Attribute ..............:     1
! SUMMARY-  Font ........................:     1
! SUMMARY-  Color Table .................:     2
! SUMMARY-  Coordinate System ...........:     1
! SUMMARY-  Parameter ...................:     1
! SUMMARY-  Matrix ......................:     1
! SUMMARY-  Reference Set ...............:     1
! SUMMARY-  Solid/Sheet .................:
! SUMMARY-     Body .....................:     1
! SUMMARY-                                 -----
! SUMMARY-  Total                              9
! SUMMARY-   
! SUMMARY-  Summary of Unigraphics Part Entities
! SUMMARY-  For Part: M4-25-dongco15413.prt 
! SUMMARY-  Entities Processed             Count
! SUMMARY-  ------------------             -----
! SUMMARY-  Part Attribute ..............:     1
! SUMMARY-  Font ........................:     1
! SUMMARY-  Color Table .................:     2
! SUMMARY-  Coordinate System ...........:     1
! SUMMARY-  Parameter ...................:     1
! SUMMARY-  Matrix ......................:     1
! SUMMARY-  Reference Set ...............:     1
! SUMMARY-  Solid/Sheet .................:
! SUMMARY-     Body .....................:     1
! SUMMARY-                                 -----
! SUMMARY-  Total                              9
! SUMMARY-   
! SUMMARY-  Summary of Unigraphics Part Entities
! SUMMARY-  For Part: KeGocX.prt 
! SUMMARY-  Entities Processed             Count
! SUMMARY-  ------------------             -----
! SUMMARY-  Part Attribute ..............:     1
! SUMMARY-  Font ........................:     1
! SUMMARY-  Color Table .................:     2
! SUMMARY-  Coordinate System ...........:     2
! SUMMARY-  Parameter ...................:     1
! SUMMARY-  Matrix ......................:     1
! SUMMARY-  Reference Set ...............:     1
! SUMMARY-  Solid/Sheet .................:
! SUMMARY-     Body .....................:     1
! SUMMARY-                                 -----
! SUMMARY-  Total                             10
! SUMMARY-   
! SUMMARY-  Summary of Unigraphics Part Entities
! SUMMARY-  For Part: KeGocY.prt 
! SUMMARY-  Entities Processed             Count
! SUMMARY-  ------------------             -----
! SUMMARY-  Part Attribute ..............:     1
! SUMMARY-  Font ........................:     1
! SUMMARY-  Color Table .................:     2
! SUMMARY-  Coordinate System ...........:     2
! SUMMARY-  Parameter ...................:     1
! SUMMARY-  Matrix ......................:     1
! SUMMARY-  Reference Set ...............:     1
! SUMMARY-  Solid/Sheet .................:
! SUMMARY-     Body .....................:     1
! SUMMARY-                                 -----
! SUMMARY-  Total                             10
! SUMMARY-   
! SUMMARY-  Summary of Unigraphics Part Entities
! SUMMARY-  For Part: Limitswitch.prt 
! SUMMARY-  Entities Processed             Count
! SUMMARY-  ------------------             -----
! SUMMARY-  Part Attribute ..............:     1
! SUMMARY-  Font ........................:     1
! SUMMARY-  Color Table .................:     2
! SUMMARY-  Coordinate System ...........:     2
! SUMMARY-  Parameter ...................:     1
! SUMMARY-  Matrix ......................:     1
! SUMMARY-  Reference Set ...............:     1
! SUMMARY-  Solid/Sheet .................:
! SUMMARY-     Body .....................:     1
! SUMMARY-                                 -----
! SUMMARY-  Total                             10
! SUMMARY-   
! SUMMARY-  Summary of Unigraphics Part Entities
! SUMMARY-  For Part: bulong_limitswitch.prt 
! SUMMARY-  Entities Processed             Count
! SUMMARY-  ------------------             -----
! SUMMARY-  Part Attribute ..............:     1
! SUMMARY-  Font ........................:     1
! SUMMARY-  Color Table .................:     2
! SUMMARY-  Coordinate System ...........:     1
! SUMMARY-  Parameter ...................:     1
! SUMMARY-  Matrix ......................:     1
! SUMMARY-  Reference Set ...............:     1
! SUMMARY-  Solid/Sheet .................:
! SUMMARY-     Body .....................:     1
! SUMMARY-                                 -----
! SUMMARY-  Total                              9
! SUMMARY-   
! SUMMARY-  Summary of Unigraphics Part Entities
! SUMMARY-  For Part: daioc_limitswitch.prt 
! SUMMARY-  Entities Processed             Count
! SUMMARY-  ------------------             -----
! SUMMARY-  Part Attribute ..............:     1
! SUMMARY-  Font ........................:     1
! SUMMARY-  Color Table .................:     2
! SUMMARY-  Coordinate System ...........:     1
! SUMMARY-  Parameter ...................:     1
! SUMMARY-  Matrix ......................:     1
! SUMMARY-  Reference Set ...............:     1
! SUMMARY-  Solid/Sheet .................:
! SUMMARY-     Body .....................:     1
! SUMMARY-                                 -----
! SUMMARY-  Total                              9
! SUMMARY-   
! SUMMARY-  Summary of Unigraphics Part Entities
! SUMMARY-  For Part: bich Y46677.prt 
! SUMMARY-  Entities Processed             Count
! SUMMARY-  ------------------             -----
! SUMMARY-  Part Attribute ..............:     1
! SUMMARY-  Font ........................:     1
! SUMMARY-  Color Table .................:     2
! SUMMARY-  Coordinate System ...........:     1
! SUMMARY-  Parameter ...................:     1
! SUMMARY-  Matrix ......................:     1
! SUMMARY-  Reference Set ...............:     1
! SUMMARY-  Solid/Sheet .................:
! SUMMARY-     Body .....................:     1
! SUMMARY-                                 -----
! SUMMARY-  Total                              9
! SUMMARY-   
! SUMMARY-  Summary of Unigraphics Part Entities
! SUMMARY-  For Part: danhuong X47250.prt 
! SUMMARY-  Entities Processed             Count
! SUMMARY-  ------------------             -----
! SUMMARY-  Part Attribute ..............:     1
! SUMMARY-  Font ........................:     1
! SUMMARY-  Color Table .................:     2
! SUMMARY-  Coordinate System ...........:     1
! SUMMARY-  Parameter ...................:     1
! SUMMARY-  Matrix ......................:     1
! SUMMARY-  Reference Set ...............:     1
! SUMMARY-  Solid/Sheet .................:
! SUMMARY-     Body .....................:     1
! SUMMARY-                                 -----
! SUMMARY-  Total                              9
! SUMMARY-   
! SUMMARY-  Summary of Unigraphics Part Entities
! SUMMARY-  For Part: bich-de may47595.prt 
! SUMMARY-  Entities Processed             Count
! SUMMARY-  ------------------             -----
! SUMMARY-  Part Attribute ..............:     1
! SUMMARY-  Font ........................:     1
! SUMMARY-  Color Table .................:     2
! SUMMARY-  Coordinate System ...........:     1
! SUMMARY-  Parameter ...................:     1
! SUMMARY-  Matrix ......................:     1
! SUMMARY-  Reference Set ...............:     1
! SUMMARY-  Solid/Sheet .................:
! SUMMARY-     Body .....................:     1
! SUMMARY-                                 -----
! SUMMARY-  Total                              9
! SUMMARY-   
! SUMMARY-  Summary of Unigraphics Part Entities
! SUMMARY-  For Part: de may.148168.prt 
! SUMMARY-  Entities Processed             Count
! SUMMARY-  ------------------             -----
! SUMMARY-  Part Attribute ..............:     1
! SUMMARY-  Font ........................:     1
! SUMMARY-  Color Table .................:     2
! SUMMARY-  Coordinate System ...........:     1
! SUMMARY-  Parameter ...................:     1
! SUMMARY-  Matrix ......................:     1
! SUMMARY-  Reference Set ...............:     1
! SUMMARY-  Solid/Sheet .................:
! SUMMARY-     Body .....................:     1
! SUMMARY-                                 -----
! SUMMARY-  Total                              9
! SUMMARY-   
! SUMMARY-  Summary of Unigraphics Part Entities
! SUMMARY-  For Part: cot tru- de may49321.prt 
! SUMMARY-  Entities Processed             Count
! SUMMARY-  ------------------             -----
! SUMMARY-  Part Attribute ..............:     1
! SUMMARY-  Font ........................:     1
! SUMMARY-  Color Table .................:     2
! SUMMARY-  Coordinate System ...........:     1
! SUMMARY-  Parameter ...................:     1
! SUMMARY-  Matrix ......................:     1
! SUMMARY-  Reference Set ...............:     1
! SUMMARY-  Solid/Sheet .................:
! SUMMARY-     Body .....................:     1
! SUMMARY-                                 -----
! SUMMARY-  Total                              9
! SUMMARY-   
! SUMMARY-  Summary of Unigraphics Part Entities
! SUMMARY-  For Part: ban may Y49993.prt 
! SUMMARY-  Entities Processed             Count
! SUMMARY-  ------------------             -----
! SUMMARY-  Part Attribute ..............:     1
! SUMMARY-  Font ........................:     1
! SUMMARY-  Color Table .................:     2
! SUMMARY-  Coordinate System ...........:     1
! SUMMARY-  Parameter ...................:     1
! SUMMARY-  Matrix ......................:     1
! SUMMARY-  Reference Set ...............:     1
! SUMMARY-  Solid/Sheet .................:
! SUMMARY-     Body .....................:     1
! SUMMARY-                                 -----
! SUMMARY-  Total                              9
! SUMMARY-   
! SUMMARY-  Summary of Unigraphics Part Entities
! SUMMARY-  For Part: o lan62.prt 
! SUMMARY-  Entities Processed             Count
! SUMMARY-  ------------------             -----
! SUMMARY-  Part Attribute ..............:     1
! SUMMARY-  Font ........................:     1
! SUMMARY-  Color Table .................:     2
! SUMMARY-  Coordinate System ...........:     1
! SUMMARY-  Parameter ...................:     1
! SUMMARY-  Matrix ......................:     1
! SUMMARY-  Reference Set ...............:     1
! SUMMARY-  Solid/Sheet .................:
! SUMMARY-     Body .....................:     1
! SUMMARY-                                 -----
! SUMMARY-  Total                              9
! SUMMARY-   
! SUMMARY-  Summary of Unigraphics Part Entities
! SUMMARY-  For Part: danhuong-Y51435.prt 
! SUMMARY-  Entities Processed             Count
! SUMMARY-  ------------------             -----
! SUMMARY-  Part Attribute ..............:     1
! SUMMARY-  Font ........................:     1
! SUMMARY-  Color Table .................:     2
! SUMMARY-  Coordinate System ...........:     1
! SUMMARY-  Parameter ...................:     1
! SUMMARY-  Matrix ......................:     1
! SUMMARY-  Reference Set ...............:     1
! SUMMARY-  Solid/Sheet .................:
! SUMMARY-     Body .....................:     1
! SUMMARY-                                 -----
! SUMMARY-  Total                              9
! SUMMARY-   
! SUMMARY-  Summary of Unigraphics Part Entities
! SUMMARY-  For Part: vong ghep14123.prt 
! SUMMARY-  Entities Processed             Count
! SUMMARY-  ------------------             -----
! SUMMARY-  Part Attribute ..............:     1
! SUMMARY-  Font ........................:     1
! SUMMARY-  Color Table .................:     2
! SUMMARY-  Coordinate System ...........:     1
! SUMMARY-  Parameter ...................:     1
! SUMMARY-  Matrix ......................:     1
! SUMMARY-  Reference Set ...............:     1
! SUMMARY-  Solid/Sheet .................:
! SUMMARY-     Body .....................:     1
! SUMMARY-                                 -----
! SUMMARY-  Total                              9
! SUMMARY-   
! SUMMARY-  Summary of Unigraphics Part Entities
! SUMMARY-  For Part: M10-45-demay-bich-cot51955.prt 
! SUMMARY-  Entities Processed             Count
! SUMMARY-  ------------------             -----
! SUMMARY-  Part Attribute ..............:     1
! SUMMARY-  Font ........................:     1
! SUMMARY-  Color Table .................:     2
! SUMMARY-  Coordinate System ...........:     1
! SUMMARY-  Parameter ...................:     1
! SUMMARY-  Matrix ......................:     1
! SUMMARY-  Reference Set ...............:     1
! SUMMARY-  Solid/Sheet .................:
! SUMMARY-     Body .....................:     1
! SUMMARY-                                 -----
! SUMMARY-  Total                              9
! SUMMARY-   
! SUMMARY-  Summary of Unigraphics Part Entities
! SUMMARY-  For Part: 1252956.prt 
! SUMMARY-  Entities Processed             Count
! SUMMARY-  ------------------             -----
! SUMMARY-  Part Attribute ..............:     1
! SUMMARY-  Font ........................:     1
! SUMMARY-  Color Table .................:     2
! SUMMARY-  Coordinate System ...........:     1
! SUMMARY-  Parameter ...................:     1
! SUMMARY-  Matrix ......................:     1
! SUMMARY-  Reference Set ...............:     1
! SUMMARY-  Solid/Sheet .................:
! SUMMARY-     Body .....................:     1
! SUMMARY-                                 -----
! SUMMARY-  Total                              9
! SUMMARY-   
! SUMMARY-  Summary of Unigraphics Part Entities
! SUMMARY-  For Part: 2353867.prt 
! SUMMARY-  Entities Processed             Count
! SUMMARY-  ------------------             -----
! SUMMARY-  Part Attribute ..............:     1
! SUMMARY-  Font ........................:     1
! SUMMARY-  Color Table .................:     2
! SUMMARY-  Coordinate System ...........:     1
! SUMMARY-  Parameter ...................:     1
! SUMMARY-  Matrix ......................:     1
! SUMMARY-  Reference Set ...............:     1
! SUMMARY-  Solid/Sheet .................:
! SUMMARY-     Body .....................:     1
! SUMMARY-                                 -----
! SUMMARY-  Total                              9
! SUMMARY-   
! SUMMARY-  Summary of Unigraphics Part Entities
! SUMMARY-  For Part: 8754838.prt 
! SUMMARY-  Entities Processed             Count
! SUMMARY-  ------------------             -----
! SUMMARY-  Part Attribute ..............:     1
! SUMMARY-  Font ........................:     1
! SUMMARY-  Color Table .................:     2
! SUMMARY-  Coordinate System ...........:     1
! SUMMARY-  Parameter ...................:     1
! SUMMARY-  Matrix ......................:     1
! SUMMARY-  Reference Set ...............:     1
! SUMMARY-  Solid/Sheet .................:
! SUMMARY-     Body .....................:     1
! SUMMARY-                                 -----
! SUMMARY-  Total                              9
! SUMMARY-   
! SUMMARY-  Summary of Unigraphics Part Entities
! SUMMARY-  For Part: vime X56720.prt 
! SUMMARY-  Entities Processed             Count
! SUMMARY-  ------------------             -----
! SUMMARY-  Part Attribute ..............:     1
! SUMMARY-  Font ........................:     1
! SUMMARY-  Color Table .................:     2
! SUMMARY-  Coordinate System ...........:     1
! SUMMARY-  Parameter ...................:     1
! SUMMARY-  Matrix ......................:     1
! SUMMARY-                                 -----
! SUMMARY-  Total                              7
! SUMMARY-   
! SUMMARY-  Summary of Unigraphics Part Entities
! SUMMARY-  For Part: vime Y78709.prt 
! SUMMARY-  Entities Processed             Count
! SUMMARY-  ------------------             -----
! SUMMARY-  Part Attribute ..............:     1
! SUMMARY-  Font ........................:     1
! SUMMARY-  Color Table .................:     2
! SUMMARY-  Coordinate System ...........:     1
! SUMMARY-  Parameter ...................:     1
! SUMMARY-  Matrix ......................:     1
! SUMMARY-                                 -----
! SUMMARY-  Total                              7
! STATUS-    
! STATUS-   Converting to Output Form (Phase 2 of 3): 8-JUN-2026 4:55:02 PM
! STATUS-    
! STATUS-    
! STATUS-   Generating UG geometry and placing them in parts
! STATUS-    
! SUMMARY-   
! SUMMARY-    STEP Header Information
! SUMMARY-   
! SUMMARY-  Description      Unknown
! SUMMARY-  Imp_Level        1
! SUMMARY-  File_Name        VIRTUAL_MILLING_CNC.stp
! SUMMARY-  Date             2026-06-08T16:55:02+07:00
! SUMMARY-  Author           Unknown
! SUMMARY-  Organization     Unknown
! SUMMARY-  Pre_Version      ST-DEVELOPER v20
! SUMMARY-  Orig_System      SIEMENS PLM Software NX2506.1700
! SUMMARY-  Authorization    Unknown
! SUMMARY-  Schema_ID        step_merged_ap_schema
! SUMMARY-   
! SUMMARY-    Summary of STEP Entities
! SUMMARY-   
! SUMMARY-  Entity Type                                                   Count
! SUMMARY-  -----------                                                   ------
! SUMMARY-  advanced_face ..............................................:    649
! SUMMARY-  application_context ........................................:      1
! SUMMARY-  axis2_placement_3d .........................................:   1461
! SUMMARY-  b_spline_curve_with_knots ..................................:     64
! SUMMARY-  cartesian_point ............................................:   3507
! SUMMARY-  circle .....................................................:    734
! SUMMARY-  closed_shell ...............................................:     20
! SUMMARY-  conical_surface ............................................:     66
! SUMMARY-  context_dependent_shape_representation .....................:     77
! SUMMARY-  conversion_based_unit_and_plane_angle_unit .................:     24
! SUMMARY-  cylindrical_surface ........................................:    284
! SUMMARY-  dimensional_exponents ......................................:     24
! SUMMARY-  direction ..................................................:   3687
! SUMMARY-  edge_curve .................................................:   1563
! SUMMARY-  edge_loop ..................................................:    788
! SUMMARY-  face_bound .................................................:    206
! SUMMARY-  face_outer_bound ...........................................:    582
! SUMMARY-  geometric_representation_context_and_global_uncertainty_a ..:     24
! SUMMARY-  item_defined_transformation ................................:     77
! SUMMARY-  length_unit_and_si_unit ....................................:     24
! SUMMARY-  line .......................................................:    765
! SUMMARY-  manifold_solid_brep ........................................:     20
! SUMMARY-  next_assembly_usage_occurrence .............................:     77
! SUMMARY-  oriented_edge ..............................................:   3126
! SUMMARY-  plane ......................................................:    285
! SUMMARY-  plane_angle_measure_with_unit ..............................:     24
! SUMMARY-  plane_angle_unit_and_si_unit ...............................:     24
! SUMMARY-  product ....................................................:     24
! SUMMARY-  product_context ............................................:     24
! SUMMARY-  product_definition .........................................:     24
! SUMMARY-  product_definition_context .................................:     24
! SUMMARY-  product_definition_formation_with_specified_source .........:     24
! SUMMARY-  product_definition_shape ...................................:    101
! SUMMARY-  product_related_product_category ...........................:     24
! SUMMARY-  representation_relationship_with_transformation_and_shape ..:     77
! SUMMARY-  shape_representation .......................................:     24
! SUMMARY-  si_unit_and_solid_angle_unit ...............................:     24
! SUMMARY-  spherical_surface ..........................................:      2
! SUMMARY-  toroidal_surface ...........................................:     12
! SUMMARY-  uncertainty_measure_with_unit ..............................:     24
! SUMMARY-  vector .....................................................:    765
! SUMMARY-  vertex_point ...............................................:   1009
! SUMMARY-                                                               -------
! SUMMARY-  Total                                                          20365
! INFO-     Bspline aprx. value in effect for this translation :0.025400 millimeter
! INFO-      
! INFO-     Total number of solids input for this translation  :      20
! INFO-      
! INFO-     Number of solids processed without problems        :      20
! INFO-      
! INFO-     Number of solids with problems output as sheets    :       0
! INFO-      
! INFO-     Number of solids not processed                     :       0
! INFO-      
! INFO-     End of Translation: 8-JUN-2026  4:55:02 PM
! INFO-      
UG to STEP
! INFO-     NX STEP AP214 - V2506.1700
! INFO-      
! INFO-     Start of Translation: 8-JUN-2026  4:55:26 PM
! INFO-      
! STATUS-   Converting Part: C:\Users\PC\Downloads\CNC_UPDATE\CNC_UPDATE\VIRTUAL_MILLING_CNC.prt
! SUMMARY-   
! SUMMARY-  Summary of Unigraphics Part Entities
! SUMMARY-  For Part: C:\Users\PC\Downloads\CNC_UPDATE\CNC_UPDATE\VIRTUAL_MILLING_CNC.prt 
! SUMMARY-  Entities Processed             Count
! SUMMARY-  ------------------             -----
! SUMMARY-  Part Attribute ..............:     1
! SUMMARY-  Font ........................:     1
! SUMMARY-  Color Table .................:     2
! SUMMARY-  Coordinate System ...........:     1
! SUMMARY-  Parameter ...................:     1
! SUMMARY-  Matrix ......................:     1
! SUMMARY-  Component ...................:     1
! SUMMARY-                                 -----
! SUMMARY-  Total                              8
! SUMMARY-   
! SUMMARY-  Summary of Unigraphics Part Entities
! SUMMARY-  For Part: ban may chu T--0c29841.prt 
! SUMMARY-  Entities Processed             Count
! SUMMARY-  ------------------             -----
! SUMMARY-  Part Attribute ..............:     1
! SUMMARY-  Font ........................:     1
! SUMMARY-  Color Table .................:     2
! SUMMARY-  Coordinate System ...........:     1
! SUMMARY-  Parameter ...................:     1
! SUMMARY-  Matrix ......................:     1
! SUMMARY-  Component ...................:    40
! SUMMARY-                                 -----
! SUMMARY-  Total                             47
! SUMMARY-   
! SUMMARY-  Summary of Unigraphics Part Entities
! SUMMARY-  For Part: vitmebi10167.prt 
! SUMMARY-  Entities Processed             Count
! SUMMARY-  ------------------             -----
! SUMMARY-  Part Attribute ..............:     1
! SUMMARY-  Font ........................:     1
! SUMMARY-  Color Table .................:     2
! SUMMARY-  Coordinate System ...........:     1
! SUMMARY-  Parameter ...................:     1
! SUMMARY-  Matrix ......................:     1
! SUMMARY-  Reference Set ...............:     1
! SUMMARY-  Solid/Sheet .................:
! SUMMARY-     Body .....................:     2
! SUMMARY-                                 -----
! SUMMARY-  Total                             10
! SUMMARY-   
! SUMMARY-  Summary of Unigraphics Part Entities
! SUMMARY-  For Part: ban may X- bich29864.prt 
! SUMMARY-  Entities Processed             Count
! SUMMARY-  ------------------             -----
! SUMMARY-  Part Attribute ..............:     1
! SUMMARY-  Font ........................:     1
! SUMMARY-  Color Table .................:     2
! SUMMARY-  Coordinate System ...........:     1
! SUMMARY-  Parameter ...................:     1
! SUMMARY-  Matrix ......................:     1
! SUMMARY-  Reference Set ...............:     1
! SUMMARY-  Solid/Sheet .................:
! SUMMARY-     Body .....................:     1
! SUMMARY-                                 -----
! SUMMARY-  Total                              9
! SUMMARY-   
! SUMMARY-  Summary of Unigraphics Part Entities
! SUMMARY-  For Part: ban may X- chu T31478.prt 
! SUMMARY-  Entities Processed             Count
! SUMMARY-  ------------------             -----
! SUMMARY-  Part Attribute ..............:     1
! SUMMARY-  Font ........................:     1
! SUMMARY-  Color Table .................:     2
! SUMMARY-  Coordinate System ...........:     1
! SUMMARY-  Parameter ...................:     1
! SUMMARY-  Matrix ......................:     1
! SUMMARY-  Reference Set ...............:     1
! SUMMARY-  Solid/Sheet .................:
! SUMMARY-     Body .....................:     4
! SUMMARY-                                 -----
! SUMMARY-  Total                             12
! SUMMARY-   
! SUMMARY-  Summary of Unigraphics Part Entities
! SUMMARY-  For Part: banmay X33211.prt 
! SUMMARY-  Entities Processed             Count
! SUMMARY-  ------------------             -----
! SUMMARY-  Part Attribute ..............:     1
! SUMMARY-  Font ........................:     1
! SUMMARY-  Color Table .................:     2
! SUMMARY-  Coordinate System ...........:     1
! SUMMARY-  Parameter ...................:     1
! SUMMARY-  Matrix ......................:     1
! SUMMARY-  Reference Set ...............:     1
! SUMMARY-  Solid/Sheet .................:
! SUMMARY-     Body .....................:     1
! SUMMARY-                                 -----
! SUMMARY-  Total                              9
! SUMMARY-   
! SUMMARY-  Summary of Unigraphics Part Entities
! SUMMARY-  For Part: con truot X35765.prt 
! SUMMARY-  Entities Processed             Count
! SUMMARY-  ------------------             -----
! SUMMARY-  Part Attribute ..............:     1
! SUMMARY-  Font ........................:     1
! SUMMARY-  Color Table .................:     2
! SUMMARY-  Coordinate System ...........:     1
! SUMMARY-  Parameter ...................:     1
! SUMMARY-  Matrix ......................:     1
! SUMMARY-  Reference Set ...............:     1
! SUMMARY-  Solid/Sheet .................:
! SUMMARY-     Body .....................:     1
! SUMMARY-                                 -----
! SUMMARY-  Total                              9
! SUMMARY-   
! SUMMARY-  Summary of Unigraphics Part Entities
! SUMMARY-  For Part: lot X37030.prt 
! SUMMARY-  Entities Processed             Count
! SUMMARY-  ------------------             -----
! SUMMARY-  Part Attribute ..............:     1
! SUMMARY-  Font ........................:     1
! SUMMARY-  Color Table .................:     2
! SUMMARY-  Coordinate System ...........:     1
! SUMMARY-  Parameter ...................:     1
! SUMMARY-  Matrix ......................:     1
! SUMMARY-  Reference Set ...............:     1
! SUMMARY-  Solid/Sheet .................:
! SUMMARY-     Body .....................:     1
! SUMMARY-                                 -----
! SUMMARY-  Total                              9
! SUMMARY-   
! SUMMARY-  Summary of Unigraphics Part Entities
! SUMMARY-  For Part: M8-14-chu T-Ban may37356.prt 
! SUMMARY-  Entities Processed             Count
! SUMMARY-  ------------------             -----
! SUMMARY-  Part Attribute ..............:     1
! SUMMARY-  Font ........................:     1
! SUMMARY-  Color Table .................:     2
! SUMMARY-  Coordinate System ...........:     1
! SUMMARY-  Parameter ...................:     1
! SUMMARY-  Matrix ......................:     1
! SUMMARY-  Reference Set ...............:     1
! SUMMARY-  Solid/Sheet .................:
! SUMMARY-     Body .....................:     1
! SUMMARY-                                 -----
! SUMMARY-  Total                              9
! SUMMARY-   
! SUMMARY-  Summary of Unigraphics Part Entities
! SUMMARY-  For Part: 3412301.prt 
! SUMMARY-  Entities Processed             Count
! SUMMARY-  ------------------             -----
! SUMMARY-  Part Attribute ..............:     1
! SUMMARY-  Font ........................:     1
! SUMMARY-  Color Table .................:     2
! SUMMARY-  Coordinate System ...........:     1
! SUMMARY-  Parameter ...................:     1
! SUMMARY-  Matrix ......................:     1
! SUMMARY-  Reference Set ...............:     1
! SUMMARY-  Solid/Sheet .................:
! SUMMARY-     Body .....................:     1
! SUMMARY-                                 -----
! SUMMARY-  Total                              9
! SUMMARY-   
! SUMMARY-  Summary of Unigraphics Part Entities
! SUMMARY-  For Part: M6-12-vitmebi-ban may13242.prt 
! SUMMARY-  Entities Processed             Count
! SUMMARY-  ------------------             -----
! SUMMARY-  Part Attribute ..............:     1
! SUMMARY-  Font ........................:     1
! SUMMARY-  Color Table .................:     2
! SUMMARY-  Coordinate System ...........:     1
! SUMMARY-  Parameter ...................:     1
! SUMMARY-  Matrix ......................:     1
! SUMMARY-  Reference Set ...............:     1
! SUMMARY-  Solid/Sheet .................:
! SUMMARY-     Body .....................:     1
! SUMMARY-                                 -----
! SUMMARY-  Total                              9
! SUMMARY-   
! SUMMARY-  Summary of Unigraphics Part Entities
! SUMMARY-  For Part: 5617175.prt 
! SUMMARY-  Entities Processed             Count
! SUMMARY-  ------------------             -----
! SUMMARY-  Part Attribute ..............:     1
! SUMMARY-  Font ........................:     1
! SUMMARY-  Color Table .................:     2
! SUMMARY-  Coordinate System ...........:     1
! SUMMARY-  Parameter ...................:     1
! SUMMARY-  Matrix ......................:     1
! SUMMARY-  Reference Set ...............:     1
! SUMMARY-  Solid/Sheet .................:
! SUMMARY-     Body .....................:     1
! SUMMARY-                                 -----
! SUMMARY-  Total                              9
! STATUS-    
! STATUS-   Converting to Output Form (Phase 2 of 3): 8-JUN-2026 4:55:28 PM
! STATUS-    
! STATUS-    
! STATUS-   Generating UG geometry and placing them in parts
! STATUS-    
! SUMMARY-   
! SUMMARY-    STEP Header Information
! SUMMARY-   
! SUMMARY-  Description      Unknown
! SUMMARY-  Imp_Level        1
! SUMMARY-  File_Name        VIRTUAL_MILLING_CNC.stp
! SUMMARY-  Date             2026-06-08T16:55:28+07:00
! SUMMARY-  Author           Unknown
! SUMMARY-  Organization     Unknown
! SUMMARY-  Pre_Version      ST-DEVELOPER v20
! SUMMARY-  Orig_System      SIEMENS PLM Software NX2506.1700
! SUMMARY-  Authorization    Unknown
! SUMMARY-  Schema_ID        step_merged_ap_schema
! SUMMARY-   
! SUMMARY-    Summary of STEP Entities
! SUMMARY-   
! SUMMARY-  Entity Type                                                   Count
! SUMMARY-  -----------                                                   ------
! SUMMARY-  advanced_face ..............................................:    461
! SUMMARY-  application_context ........................................:      1
! SUMMARY-  axis2_placement_3d .........................................:    949
! SUMMARY-  b_spline_curve_with_knots ..................................:     32
! SUMMARY-  cartesian_point ............................................:   2321
! SUMMARY-  circle .....................................................:    446
! SUMMARY-  closed_shell ...............................................:     14
! SUMMARY-  conical_surface ............................................:     40
! SUMMARY-  context_dependent_shape_representation .....................:     41
! SUMMARY-  conversion_based_unit_and_plane_angle_unit .................:     12
! SUMMARY-  cylindrical_surface ........................................:    200
! SUMMARY-  dimensional_exponents ......................................:     12
! SUMMARY-  direction ..................................................:   2468
! SUMMARY-  edge_curve .................................................:   1048
! SUMMARY-  edge_loop ..................................................:    590
! SUMMARY-  face_bound .................................................:    176
! SUMMARY-  face_outer_bound ...........................................:    414
! SUMMARY-  geometric_representation_context_and_global_uncertainty_a ..:     12
! SUMMARY-  item_defined_transformation ................................:     41
! SUMMARY-  length_unit_and_si_unit ....................................:     12
! SUMMARY-  line .......................................................:    570
! SUMMARY-  manifold_solid_brep ........................................:     14
! SUMMARY-  next_assembly_usage_occurrence .............................:     41
! SUMMARY-  oriented_edge ..............................................:   2096
! SUMMARY-  plane ......................................................:    213
! SUMMARY-  plane_angle_measure_with_unit ..............................:     12
! SUMMARY-  plane_angle_unit_and_si_unit ...............................:     12
! SUMMARY-  product ....................................................:     12
! SUMMARY-  product_context ............................................:     12
! SUMMARY-  product_definition .........................................:     12
! SUMMARY-  product_definition_context .................................:     12
! SUMMARY-  product_definition_formation_with_specified_source .........:     12
! SUMMARY-  product_definition_shape ...................................:     53
! SUMMARY-  product_related_product_category ...........................:     12
! SUMMARY-  representation_relationship_with_transformation_and_shape ..:     41
! SUMMARY-  shape_representation .......................................:     12
! SUMMARY-  si_unit_and_solid_angle_unit ...............................:     12
! SUMMARY-  toroidal_surface ...........................................:      8
! SUMMARY-  uncertainty_measure_with_unit ..............................:     12
! SUMMARY-  vector .....................................................:    570
! SUMMARY-  vertex_point ...............................................:    674
! SUMMARY-                                                               -------
! SUMMARY-  Total                                                          13702
! INFO-     Bspline aprx. value in effect for this translation :0.025400 millimeter
! INFO-      
! INFO-     Total number of solids input for this translation  :      14
! INFO-      
! INFO-     Number of solids processed without problems        :      14
! INFO-      
! INFO-     Number of solids with problems output as sheets    :       0
! INFO-      
! INFO-     Number of solids not processed                     :       0
! INFO-      
! INFO-     End of Translation: 8-JUN-2026  4:55:28 PM
! INFO-      
UG to STEP
! INFO-     NX STEP AP214 - V2506.1700
! INFO-      
! INFO-     Start of Translation: 8-JUN-2026  4:55:44 PM
! INFO-      
! STATUS-   Converting Part: C:\Users\PC\Downloads\CNC_UPDATE\CNC_UPDATE\VIRTUAL_MILLING_CNC.prt
! SUMMARY-   
! SUMMARY-  Summary of Unigraphics Part Entities
! SUMMARY-  For Part: C:\Users\PC\Downloads\CNC_UPDATE\CNC_UPDATE\VIRTUAL_MILLING_CNC.prt 
! SUMMARY-  Entities Processed             Count
! SUMMARY-  ------------------             -----
! SUMMARY-  Part Attribute ..............:     1
! SUMMARY-  Font ........................:     1
! SUMMARY-  Color Table .................:     2
! SUMMARY-  Coordinate System ...........:     1
! SUMMARY-  Parameter ...................:     1
! SUMMARY-  Matrix ......................:     1
! SUMMARY-  Component ...................:     7
! SUMMARY-                                 -----
! SUMMARY-  Total                             14
! SUMMARY-   
! SUMMARY-  Summary of Unigraphics Part Entities
! SUMMARY-  For Part: truc Y-oc54.prt 
! SUMMARY-  Entities Processed             Count
! SUMMARY-  ------------------             -----
! SUMMARY-  Part Attribute ..............:     1
! SUMMARY-  Font ........................:     1
! SUMMARY-  Color Table .................:     2
! SUMMARY-  Coordinate System ...........:     1
! SUMMARY-  Parameter ...................:     1
! SUMMARY-  Matrix ......................:     1
! SUMMARY-  Component ...................:    50
! SUMMARY-                                 -----
! SUMMARY-  Total                             57
! SUMMARY-   
! SUMMARY-  Summary of Unigraphics Part Entities
! SUMMARY-  For Part: Tam Ga Z.prt 
! SUMMARY-  Entities Processed             Count
! SUMMARY-  ------------------             -----
! SUMMARY-  Part Attribute ..............:     1
! SUMMARY-  Font ........................:     1
! SUMMARY-  Color Table .................:     2
! SUMMARY-  Coordinate System ...........:     1
! SUMMARY-  Parameter ...................:     1
! SUMMARY-  Matrix ......................:     1
! SUMMARY-  Reference Set ...............:     1
! SUMMARY-  Solid/Sheet .................:
! SUMMARY-     Body .....................:     1
! SUMMARY-                                 -----
! SUMMARY-  Total                              9
! SUMMARY-   
! SUMMARY-  Summary of Unigraphics Part Entities
! SUMMARY-  For Part: Limitswitch.prt 
! SUMMARY-  Entities Processed             Count
! SUMMARY-  ------------------             -----
! SUMMARY-  Part Attribute ..............:     1
! SUMMARY-  Font ........................:     1
! SUMMARY-  Color Table .................:     2
! SUMMARY-  Coordinate System ...........:     2
! SUMMARY-  Parameter ...................:     1
! SUMMARY-  Matrix ......................:     1
! SUMMARY-  Reference Set ...............:     1
! SUMMARY-  Solid/Sheet .................:
! SUMMARY-     Body .....................:     1
! SUMMARY-                                 -----
! SUMMARY-  Total                             10
! SUMMARY-   
! SUMMARY-  Summary of Unigraphics Part Entities
! SUMMARY-  For Part: bulong_limitswitch.prt 
! SUMMARY-  Entities Processed             Count
! SUMMARY-  ------------------             -----
! SUMMARY-  Part Attribute ..............:     1
! SUMMARY-  Font ........................:     1
! SUMMARY-  Color Table .................:     2
! SUMMARY-  Coordinate System ...........:     1
! SUMMARY-  Parameter ...................:     1
! SUMMARY-  Matrix ......................:     1
! SUMMARY-  Reference Set ...............:     1
! SUMMARY-  Solid/Sheet .................:
! SUMMARY-     Body .....................:     1
! SUMMARY-                                 -----
! SUMMARY-  Total                              9
! SUMMARY-   
! SUMMARY-  Summary of Unigraphics Part Entities
! SUMMARY-  For Part: daioc_limitswitch.prt 
! SUMMARY-  Entities Processed             Count
! SUMMARY-  ------------------             -----
! SUMMARY-  Part Attribute ..............:     1
! SUMMARY-  Font ........................:     1
! SUMMARY-  Color Table .................:     2
! SUMMARY-  Coordinate System ...........:     1
! SUMMARY-  Parameter ...................:     1
! SUMMARY-  Matrix ......................:     1
! SUMMARY-  Reference Set ...............:     1
! SUMMARY-  Solid/Sheet .................:
! SUMMARY-     Body .....................:     1
! SUMMARY-                                 -----
! SUMMARY-  Total                              9
! SUMMARY-   
! SUMMARY-  Summary of Unigraphics Part Entities
! SUMMARY-  For Part: o lan62.prt 
! SUMMARY-  Entities Processed             Count
! SUMMARY-  ------------------             -----
! SUMMARY-  Part Attribute ..............:     1
! SUMMARY-  Font ........................:     1
! SUMMARY-  Color Table .................:     2
! SUMMARY-  Coordinate System ...........:     1
! SUMMARY-  Parameter ...................:     1
! SUMMARY-  Matrix ......................:     1
! SUMMARY-  Reference Set ...............:     1
! SUMMARY-  Solid/Sheet .................:
! SUMMARY-     Body .....................:     1
! SUMMARY-                                 -----
! SUMMARY-  Total                              9
! SUMMARY-   
! SUMMARY-  Summary of Unigraphics Part Entities
! SUMMARY-  For Part: bich- Z3910.prt 
! SUMMARY-  Entities Processed             Count
! SUMMARY-  ------------------             -----
! SUMMARY-  Part Attribute ..............:     1
! SUMMARY-  Font ........................:     1
! SUMMARY-  Color Table .................:     2
! SUMMARY-  Coordinate System ...........:     1
! SUMMARY-  Parameter ...................:     1
! SUMMARY-  Matrix ......................:     1
! SUMMARY-  Reference Set ...............:     1
! SUMMARY-  Solid/Sheet .................:
! SUMMARY-     Body .....................:     1
! SUMMARY-                                 -----
! SUMMARY-  Total                              9
! SUMMARY-   
! SUMMARY-  Summary of Unigraphics Part Entities
! SUMMARY-  For Part: banmay Z4506.prt 
! SUMMARY-  Entities Processed             Count
! SUMMARY-  ------------------             -----
! SUMMARY-  Part Attribute ..............:     1
! SUMMARY-  Font ........................:     1
! SUMMARY-  Color Table .................:     2
! SUMMARY-  Coordinate System ...........:     1
! SUMMARY-  Parameter ...................:     1
! SUMMARY-  Matrix ......................:     1
! SUMMARY-  Reference Set ...............:     1
! SUMMARY-  Solid/Sheet .................:
! SUMMARY-     Body .....................:     1
! SUMMARY-                                 -----
! SUMMARY-  Total                              9
! SUMMARY-   
! SUMMARY-  Summary of Unigraphics Part Entities
! SUMMARY-  For Part: con truot -Y6648.prt 
! SUMMARY-  Entities Processed             Count
! SUMMARY-  ------------------             -----
! SUMMARY-  Part Attribute ..............:     1
! SUMMARY-  Font ........................:     1
! SUMMARY-  Color Table .................:     2
! SUMMARY-  Coordinate System ...........:     1
! SUMMARY-  Parameter ...................:     1
! SUMMARY-  Matrix ......................:     1
! SUMMARY-  Reference Set ...............:     1
! SUMMARY-  Solid/Sheet .................:
! SUMMARY-     Body .....................:     1
! SUMMARY-                                 -----
! SUMMARY-  Total                              9
! SUMMARY-   
! SUMMARY-  Summary of Unigraphics Part Entities
! SUMMARY-  For Part: lot -Y7913.prt 
! SUMMARY-  Entities Processed             Count
! SUMMARY-  ------------------             -----
! SUMMARY-  Part Attribute ..............:     1
! SUMMARY-  Font ........................:     1
! SUMMARY-  Color Table .................:     2
! SUMMARY-  Coordinate System ...........:     1
! SUMMARY-  Parameter ...................:     1
! SUMMARY-  Matrix ......................:     1
! SUMMARY-  Reference Set ...............:     1
! SUMMARY-  Solid/Sheet .................:
! SUMMARY-     Body .....................:     1
! SUMMARY-                                 -----
! SUMMARY-  Total                              9
! SUMMARY-   
! SUMMARY-  Summary of Unigraphics Part Entities
! SUMMARY-  For Part: dan huong Z8209.prt 
! SUMMARY-  Entities Processed             Count
! SUMMARY-  ------------------             -----
! SUMMARY-  Part Attribute ..............:     1
! SUMMARY-  Font ........................:     1
! SUMMARY-  Color Table .................:     2
! SUMMARY-  Coordinate System ...........:     1
! SUMMARY-  Parameter ...................:     1
! SUMMARY-  Matrix ......................:     1
! SUMMARY-  Reference Set ...............:     1
! SUMMARY-  Solid/Sheet .................:
! SUMMARY-     Body .....................:     1
! SUMMARY-                                 -----
! SUMMARY-  Total                              9
! SUMMARY-   
! SUMMARY-  Summary of Unigraphics Part Entities
! SUMMARY-  For Part: dong co8554.prt 
! SUMMARY-  Entities Processed             Count
! SUMMARY-  ------------------             -----
! SUMMARY-  Part Attribute ..............:     1
! SUMMARY-  Font ........................:     1
! SUMMARY-  Color Table .................:     2
! SUMMARY-  Coordinate System ...........:     1
! SUMMARY-  Parameter ...................:     1
! SUMMARY-  Matrix ......................:     1
! SUMMARY-  Reference Set ...............:     1
! SUMMARY-  Solid/Sheet .................:
! SUMMARY-     Body .....................:     1
! SUMMARY-                                 -----
! SUMMARY-  Total                              9
! SUMMARY-   
! SUMMARY-  Summary of Unigraphics Part Entities
! SUMMARY-  For Part: vitmebi10167.prt 
! SUMMARY-  Entities Processed             Count
! SUMMARY-  ------------------             -----
! SUMMARY-  Part Attribute ..............:     1
! SUMMARY-  Font ........................:     1
! SUMMARY-  Color Table .................:     2
! SUMMARY-  Coordinate System ...........:     1
! SUMMARY-  Parameter ...................:     1
! SUMMARY-  Matrix ......................:     1
! SUMMARY-  Reference Set ...............:     1
! SUMMARY-  Solid/Sheet .................:
! SUMMARY-     Body .....................:     2
! SUMMARY-                                 -----
! SUMMARY-  Total                             10
! SUMMARY-   
! SUMMARY-  Summary of Unigraphics Part Entities
! SUMMARY-  For Part: M8-20-bich X-con truot X.311390.prt 
! SUMMARY-  Entities Processed             Count
! SUMMARY-  ------------------             -----
! SUMMARY-  Part Attribute ..............:     1
! SUMMARY-  Font ........................:     1
! SUMMARY-  Color Table .................:     2
! SUMMARY-  Coordinate System ...........:     1
! SUMMARY-  Parameter ...................:     1
! SUMMARY-  Matrix ......................:     1
! SUMMARY-  Reference Set ...............:     1
! SUMMARY-  Solid/Sheet .................:
! SUMMARY-     Body .....................:     1
! SUMMARY-                                 -----
! SUMMARY-  Total                              9
! SUMMARY-   
! SUMMARY-  Summary of Unigraphics Part Entities
! SUMMARY-  For Part: 3412301.prt 
! SUMMARY-  Entities Processed             Count
! SUMMARY-  ------------------             -----
! SUMMARY-  Part Attribute ..............:     1
! SUMMARY-  Font ........................:     1
! SUMMARY-  Color Table .................:     2
! SUMMARY-  Coordinate System ...........:     1
! SUMMARY-  Parameter ...................:     1
! SUMMARY-  Matrix ......................:     1
! SUMMARY-  Reference Set ...............:     1
! SUMMARY-  Solid/Sheet .................:
! SUMMARY-     Body .....................:     1
! SUMMARY-                                 -----
! SUMMARY-  Total                              9
! SUMMARY-   
! SUMMARY-  Summary of Unigraphics Part Entities
! SUMMARY-  For Part: M6-12-vitmebi-ban may13242.prt 
! SUMMARY-  Entities Processed             Count
! SUMMARY-  ------------------             -----
! SUMMARY-  Part Attribute ..............:     1
! SUMMARY-  Font ........................:     1
! SUMMARY-  Color Table .................:     2
! SUMMARY-  Coordinate System ...........:     1
! SUMMARY-  Parameter ...................:     1
! SUMMARY-  Matrix ......................:     1
! SUMMARY-  Reference Set ...............:     1
! SUMMARY-  Solid/Sheet .................:
! SUMMARY-     Body .....................:     1
! SUMMARY-                                 -----
! SUMMARY-  Total                              9
! SUMMARY-   
! SUMMARY-  Summary of Unigraphics Part Entities
! SUMMARY-  For Part: vong ghep14123.prt 
! SUMMARY-  Entities Processed             Count
! SUMMARY-  ------------------             -----
! SUMMARY-  Part Attribute ..............:     1
! SUMMARY-  Font ........................:     1
! SUMMARY-  Color Table .................:     2
! SUMMARY-  Coordinate System ...........:     1
! SUMMARY-  Parameter ...................:     1
! SUMMARY-  Matrix ......................:     1
! SUMMARY-  Reference Set ...............:     1
! SUMMARY-  Solid/Sheet .................:
! SUMMARY-     Body .....................:     1
! SUMMARY-                                 -----
! SUMMARY-  Total                              9
! SUMMARY-   
! SUMMARY-  Summary of Unigraphics Part Entities
! SUMMARY-  For Part: 7814577.prt 
! SUMMARY-  Entities Processed             Count
! SUMMARY-  ------------------             -----
! SUMMARY-  Part Attribute ..............:     1
! SUMMARY-  Font ........................:     1
! SUMMARY-  Color Table .................:     2
! SUMMARY-  Coordinate System ...........:     1
! SUMMARY-  Parameter ...................:     1
! SUMMARY-  Matrix ......................:     1
! SUMMARY-  Reference Set ...............:     1
! SUMMARY-  Solid/Sheet .................:
! SUMMARY-     Body .....................:     1
! SUMMARY-                                 -----
! SUMMARY-  Total                              9
! SUMMARY-   
! SUMMARY-  Summary of Unigraphics Part Entities
! SUMMARY-  For Part: M4-25-dongco15413.prt 
! SUMMARY-  Entities Processed             Count
! SUMMARY-  ------------------             -----
! SUMMARY-  Part Attribute ..............:     1
! SUMMARY-  Font ........................:     1
! SUMMARY-  Color Table .................:     2
! SUMMARY-  Coordinate System ...........:     1
! SUMMARY-  Parameter ...................:     1
! SUMMARY-  Matrix ......................:     1
! SUMMARY-  Reference Set ...............:     1
! SUMMARY-  Solid/Sheet .................:
! SUMMARY-     Body .....................:     1
! SUMMARY-                                 -----
! SUMMARY-  Total                              9
! SUMMARY-   
! SUMMARY-  Summary of Unigraphics Part Entities
! SUMMARY-  For Part: 5617175.prt 
! SUMMARY-  Entities Processed             Count
! SUMMARY-  ------------------             -----
! SUMMARY-  Part Attribute ..............:     1
! SUMMARY-  Font ........................:     1
! SUMMARY-  Color Table .................:     2
! SUMMARY-  Coordinate System ...........:     1
! SUMMARY-  Parameter ...................:     1
! SUMMARY-  Matrix ......................:     1
! SUMMARY-  Reference Set ...............:     1
! SUMMARY-  Solid/Sheet .................:
! SUMMARY-     Body .....................:     1
! SUMMARY-                                 -----
! SUMMARY-  Total                              9
! SUMMARY-   
! SUMMARY-  Summary of Unigraphics Part Entities
! SUMMARY-  For Part: vime Z18116.prt 
! SUMMARY-  Entities Processed             Count
! SUMMARY-  ------------------             -----
! SUMMARY-  Part Attribute ..............:     1
! SUMMARY-  Font ........................:     1
! SUMMARY-  Color Table .................:     2
! SUMMARY-  Coordinate System ...........:     1
! SUMMARY-  Parameter ...................:     1
! SUMMARY-  Matrix ......................:     1
! SUMMARY-                                 -----
! SUMMARY-  Total                              7
! STATUS-    
! STATUS-   Converting to Output Form (Phase 2 of 3): 8-JUN-2026 4:55:46 PM
! STATUS-    
! STATUS-    
! STATUS-   Generating UG geometry and placing them in parts
! STATUS-    
! SUMMARY-   
! SUMMARY-    STEP Header Information
! SUMMARY-   
! SUMMARY-  Description      Unknown
! SUMMARY-  Imp_Level        1
! SUMMARY-  File_Name        VIRTUAL_MILLING_CNC.stp
! SUMMARY-  Date             2026-06-08T16:55:46+07:00
! SUMMARY-  Author           Unknown
! SUMMARY-  Organization     Unknown
! SUMMARY-  Pre_Version      ST-DEVELOPER v20
! SUMMARY-  Orig_System      SIEMENS PLM Software NX2506.1700
! SUMMARY-  Authorization    Unknown
! SUMMARY-  Schema_ID        step_merged_ap_schema
! SUMMARY-   
! SUMMARY-    Summary of STEP Entities
! SUMMARY-   
! SUMMARY-  Entity Type                                                   Count
! SUMMARY-  -----------                                                   ------
! SUMMARY-  advanced_face ..............................................:    695
! SUMMARY-  application_context ........................................:      1
! SUMMARY-  axis2_placement_3d .........................................:   1539
! SUMMARY-  b_spline_curve_with_knots ..................................:     74
! SUMMARY-  cartesian_point ............................................:   3713
! SUMMARY-  circle .....................................................:    786
! SUMMARY-  closed_shell ...............................................:     20
! SUMMARY-  conical_surface ............................................:     76
! SUMMARY-  context_dependent_shape_representation .....................:     57
! SUMMARY-  conversion_based_unit_and_plane_angle_unit .................:     22
! SUMMARY-  cylindrical_surface ........................................:    303
! SUMMARY-  dimensional_exponents ......................................:     22
! SUMMARY-  direction ..................................................:   3879
! SUMMARY-  edge_curve .................................................:   1661
! SUMMARY-  edge_loop ..................................................:    832
! SUMMARY-  face_bound .................................................:    214
! SUMMARY-  face_outer_bound ...........................................:    618
! SUMMARY-  geometric_representation_context_and_global_uncertainty_a ..:     22
! SUMMARY-  item_defined_transformation ................................:     57
! SUMMARY-  length_unit_and_si_unit ....................................:     22
! SUMMARY-  line .......................................................:    801
! SUMMARY-  manifold_solid_brep ........................................:     20
! SUMMARY-  next_assembly_usage_occurrence .............................:     57
! SUMMARY-  oriented_edge ..............................................:   3322
! SUMMARY-  plane ......................................................:    300
! SUMMARY-  plane_angle_measure_with_unit ..............................:     22
! SUMMARY-  plane_angle_unit_and_si_unit ...............................:     22
! SUMMARY-  product ....................................................:     22
! SUMMARY-  product_context ............................................:     22
! SUMMARY-  product_definition .........................................:     22
! SUMMARY-  product_definition_context .................................:     22
! SUMMARY-  product_definition_formation_with_specified_source .........:     22
! SUMMARY-  product_definition_shape ...................................:     79
! SUMMARY-  product_related_product_category ...........................:     22
! SUMMARY-  representation_relationship_with_transformation_and_shape ..:     57
! SUMMARY-  shape_representation .......................................:     22
! SUMMARY-  si_unit_and_solid_angle_unit ...............................:     22
! SUMMARY-  spherical_surface ..........................................:      2
! SUMMARY-  toroidal_surface ...........................................:     14
! SUMMARY-  uncertainty_measure_with_unit ..............................:     22
! SUMMARY-  vector .....................................................:    801
! SUMMARY-  vertex_point ...............................................:   1065
! SUMMARY-                                                               -------
! SUMMARY-  Total                                                          21373
! INFO-     Bspline aprx. value in effect for this translation :0.025400 millimeter
! INFO-      
! INFO-     Total number of solids input for this translation  :      20
! INFO-      
! INFO-     Number of solids processed without problems        :      20
! INFO-      
! INFO-     Number of solids with problems output as sheets    :       0
! INFO-      
! INFO-     Number of solids not processed                     :       0
! INFO-      
! INFO-     End of Translation: 8-JUN-2026  4:55:46 PM
! INFO-      
UG to STEP
! INFO-     NX STEP AP214 - V2506.1700
! INFO-      
! INFO-     Start of Translation: 8-JUN-2026  4:55:59 PM
! INFO-      
! STATUS-   Converting Part: C:\Users\PC\Downloads\CNC_UPDATE\CNC_UPDATE\VIRTUAL_MILLING_CNC.prt
! SUMMARY-   
! SUMMARY-  Summary of Unigraphics Part Entities
! SUMMARY-  For Part: C:\Users\PC\Downloads\CNC_UPDATE\CNC_UPDATE\VIRTUAL_MILLING_CNC.prt 
! SUMMARY-  Entities Processed             Count
! SUMMARY-  ------------------             -----
! SUMMARY-  Part Attribute ..............:     1
! SUMMARY-  Font ........................:     1
! SUMMARY-  Color Table .................:     2
! SUMMARY-  Coordinate System ...........:     1
! SUMMARY-  Parameter ...................:     1
! SUMMARY-  Matrix ......................:     1
! SUMMARY-  Component ...................:    34
! SUMMARY-                                 -----
! SUMMARY-  Total                             41
! SUMMARY-   
! SUMMARY-  Summary of Unigraphics Part Entities
! SUMMARY-  For Part: M6-20-con truot Z45805.prt 
! SUMMARY-  Entities Processed             Count
! SUMMARY-  ------------------             -----
! SUMMARY-  Part Attribute ..............:     1
! SUMMARY-  Font ........................:     1
! SUMMARY-  Color Table .................:     2
! SUMMARY-  Coordinate System ...........:     1
! SUMMARY-  Parameter ...................:     1
! SUMMARY-  Matrix ......................:     1
! SUMMARY-  Reference Set ...............:     1
! SUMMARY-  Solid/Sheet .................:
! SUMMARY-     Body .....................:     1
! SUMMARY-                                 -----
! SUMMARY-  Total                              9
! SUMMARY-   
! SUMMARY-  Summary of Unigraphics Part Entities
! SUMMARY-  For Part: M6-12-vitmebi-ban may13242.prt 
! SUMMARY-  Entities Processed             Count
! SUMMARY-  ------------------             -----
! SUMMARY-  Part Attribute ..............:     1
! SUMMARY-  Font ........................:     1
! SUMMARY-  Color Table .................:     2
! SUMMARY-  Coordinate System ...........:     1
! SUMMARY-  Parameter ...................:     1
! SUMMARY-  Matrix ......................:     1
! SUMMARY-  Reference Set ...............:     1
! SUMMARY-  Solid/Sheet .................:
! SUMMARY-     Body .....................:     1
! SUMMARY-                                 -----
! SUMMARY-  Total                              9
! SUMMARY-   
! SUMMARY-  Summary of Unigraphics Part Entities
! SUMMARY-  For Part: 5617175.prt 
! SUMMARY-  Entities Processed             Count
! SUMMARY-  ------------------             -----
! SUMMARY-  Part Attribute ..............:     1
! SUMMARY-  Font ........................:     1
! SUMMARY-  Color Table .................:     2
! SUMMARY-  Coordinate System ...........:     1
! SUMMARY-  Parameter ...................:     1
! SUMMARY-  Matrix ......................:     1
! SUMMARY-  Reference Set ...............:     1
! SUMMARY-  Solid/Sheet .................:
! SUMMARY-     Body .....................:     1
! SUMMARY-                                 -----
! SUMMARY-  Total                              9
! SUMMARY-   
! SUMMARY-  Summary of Unigraphics Part Entities
! SUMMARY-  For Part: M8-20-bich X-con truot X44789.prt 
! SUMMARY-  Entities Processed             Count
! SUMMARY-  ------------------             -----
! SUMMARY-  Part Attribute ..............:     1
! SUMMARY-  Font ........................:     1
! SUMMARY-  Color Table .................:     2
! SUMMARY-  Coordinate System ...........:     1
! SUMMARY-  Parameter ...................:     1
! SUMMARY-  Matrix ......................:     1
! SUMMARY-  Reference Set ...............:     1
! SUMMARY-  Solid/Sheet .................:
! SUMMARY-     Body .....................:     1
! SUMMARY-                                 -----
! SUMMARY-  Total                              9
! SUMMARY-   
! SUMMARY-  Summary of Unigraphics Part Entities
! SUMMARY-  For Part: lot- Z39840.prt 
! SUMMARY-  Entities Processed             Count
! SUMMARY-  ------------------             -----
! SUMMARY-  Part Attribute ..............:     1
! SUMMARY-  Font ........................:     1
! SUMMARY-  Color Table .................:     2
! SUMMARY-  Coordinate System ...........:     1
! SUMMARY-  Parameter ...................:     1
! SUMMARY-  Matrix ......................:     1
! SUMMARY-  Reference Set ...............:     1
! SUMMARY-  Solid/Sheet .................:
! SUMMARY-     Body .....................:     1
! SUMMARY-                                 -----
! SUMMARY-  Total                              9
! SUMMARY-   
! SUMMARY-  Summary of Unigraphics Part Entities
! SUMMARY-  For Part: con truot Z38678.prt 
! SUMMARY-  Entities Processed             Count
! SUMMARY-  ------------------             -----
! SUMMARY-  Part Attribute ..............:     1
! SUMMARY-  Font ........................:     1
! SUMMARY-  Color Table .................:     2
! SUMMARY-  Coordinate System ...........:     1
! SUMMARY-  Parameter ...................:     1
! SUMMARY-  Matrix ......................:     1
! SUMMARY-  Reference Set ...............:     1
! SUMMARY-  Solid/Sheet .................:
! SUMMARY-     Body .....................:     1
! SUMMARY-                                 -----
! SUMMARY-  Total                              9
! SUMMARY-   
! SUMMARY-  Summary of Unigraphics Part Entities
! SUMMARY-  For Part: vitmebi10167.prt 
! SUMMARY-  Entities Processed             Count
! SUMMARY-  ------------------             -----
! SUMMARY-  Part Attribute ..............:     1
! SUMMARY-  Font ........................:     1
! SUMMARY-  Color Table .................:     2
! SUMMARY-  Coordinate System ...........:     1
! SUMMARY-  Parameter ...................:     1
! SUMMARY-  Matrix ......................:     1
! SUMMARY-  Reference Set ...............:     1
! SUMMARY-  Solid/Sheet .................:
! SUMMARY-     Body .....................:     2
! SUMMARY-                                 -----
! SUMMARY-  Total                             10
! SUMMARY-   
! SUMMARY-  Summary of Unigraphics Part Entities
! SUMMARY-  For Part: dao dao43988.prt 
! SUMMARY-  Entities Processed             Count
! SUMMARY-  ------------------             -----
! SUMMARY-  Part Attribute ..............:     1
! SUMMARY-  Font ........................:     1
! SUMMARY-  Color Table .................:     2
! SUMMARY-  Coordinate System ...........:     1
! SUMMARY-  Parameter ...................:     1
! SUMMARY-  Matrix ......................:     1
! SUMMARY-  Reference Set ...............:     1
! SUMMARY-  Solid/Sheet .................:
! SUMMARY-     Body .....................:     1
! SUMMARY-                                 -----
! SUMMARY-  Total                              9
! SUMMARY-   
! SUMMARY-  Summary of Unigraphics Part Entities
! SUMMARY-  For Part: bich- dau dao42679.prt 
! SUMMARY-  Entities Processed             Count
! SUMMARY-  ------------------             -----
! SUMMARY-  Part Attribute ..............:     1
! SUMMARY-  Font ........................:     1
! SUMMARY-  Color Table .................:     2
! SUMMARY-  Coordinate System ...........:     1
! SUMMARY-  Parameter ...................:     1
! SUMMARY-  Matrix ......................:     1
! SUMMARY-  Reference Set ...............:     1
! SUMMARY-  Solid/Sheet .................:
! SUMMARY-     Body .....................:     1
! SUMMARY-                                 -----
! SUMMARY-  Total                              9
! SUMMARY-   
! SUMMARY-  Summary of Unigraphics Part Entities
! SUMMARY-  For Part: ban may dao40136.prt 
! SUMMARY-  Entities Processed             Count
! SUMMARY-  ------------------             -----
! SUMMARY-  Part Attribute ..............:     1
! SUMMARY-  Font ........................:     1
! SUMMARY-  Color Table .................:     2
! SUMMARY-  Coordinate System ...........:     1
! SUMMARY-  Parameter ...................:     1
! SUMMARY-  Matrix ......................:     1
! SUMMARY-  Reference Set ...............:     1
! SUMMARY-  Solid/Sheet .................:
! SUMMARY-     Body .....................:     1
! SUMMARY-                                 -----
! SUMMARY-  Total                              9
! SUMMARY-   
! SUMMARY-  Summary of Unigraphics Part Entities
! SUMMARY-  For Part: Thanh Gat.prt 
! SUMMARY-  Entities Processed             Count
! SUMMARY-  ------------------             -----
! SUMMARY-  Part Attribute ..............:     1
! SUMMARY-  Font ........................:     1
! SUMMARY-  Color Table .................:     2
! SUMMARY-  Coordinate System ...........:     2
! SUMMARY-  Parameter ...................:     1
! SUMMARY-  Matrix ......................:     1
! SUMMARY-  Reference Set ...............:     1
! SUMMARY-  Solid/Sheet .................:
! SUMMARY-     Body .....................:     1
! SUMMARY-                                 -----
! SUMMARY-  Total                             10
! STATUS-    
! STATUS-   Converting to Output Form (Phase 2 of 3): 8-JUN-2026 4:56:01 PM
! STATUS-    
! STATUS-    
! STATUS-   Generating UG geometry and placing them in parts
! STATUS-    
! SUMMARY-   
! SUMMARY-    STEP Header Information
! SUMMARY-   
! SUMMARY-  Description      Unknown
! SUMMARY-  Imp_Level        1
! SUMMARY-  File_Name        VIRTUAL_MILLING_CNC.stp
! SUMMARY-  Date             2026-06-08T16:56:01+07:00
! SUMMARY-  Author           Unknown
! SUMMARY-  Organization     Unknown
! SUMMARY-  Pre_Version      ST-DEVELOPER v20
! SUMMARY-  Orig_System      SIEMENS PLM Software NX2506.1700
! SUMMARY-  Authorization    Unknown
! SUMMARY-  Schema_ID        step_merged_ap_schema
! SUMMARY-   
! SUMMARY-    Summary of STEP Entities
! SUMMARY-   
! SUMMARY-  Entity Type                                                   Count
! SUMMARY-  -----------                                                   ------
! SUMMARY-  advanced_face ..............................................:    403
! SUMMARY-  application_context ........................................:      1
! SUMMARY-  axis2_placement_3d .........................................:    846
! SUMMARY-  b_spline_curve_with_knots ..................................:     36
! SUMMARY-  cartesian_point ............................................:   2078
! SUMMARY-  circle .....................................................:    408
! SUMMARY-  closed_shell ...............................................:     12
! SUMMARY-  conical_surface ............................................:     42
! SUMMARY-  context_dependent_shape_representation .....................:     34
! SUMMARY-  conversion_based_unit_and_plane_angle_unit .................:     12
! SUMMARY-  cylindrical_surface ........................................:    181
! SUMMARY-  dimensional_exponents ......................................:     12
! SUMMARY-  direction ..................................................:   2166
! SUMMARY-  edge_curve .................................................:    918
! SUMMARY-  edge_loop ..................................................:    516
! SUMMARY-  face_bound .................................................:    169
! SUMMARY-  face_outer_bound ...........................................:    347
! SUMMARY-  geometric_representation_context_and_global_uncertainty_a ..:     12
! SUMMARY-  item_defined_transformation ................................:     34
! SUMMARY-  length_unit_and_si_unit ....................................:     12
! SUMMARY-  line .......................................................:    474
! SUMMARY-  manifold_solid_brep ........................................:     12
! SUMMARY-  next_assembly_usage_occurrence .............................:     34
! SUMMARY-  oriented_edge ..............................................:   1836
! SUMMARY-  plane ......................................................:    172
! SUMMARY-  plane_angle_measure_with_unit ..............................:     12
! SUMMARY-  plane_angle_unit_and_si_unit ...............................:     12
! SUMMARY-  product ....................................................:     12
! SUMMARY-  product_context ............................................:     12
! SUMMARY-  product_definition .........................................:     12
! SUMMARY-  product_definition_context .................................:     12
! SUMMARY-  product_definition_formation_with_specified_source .........:     12
! SUMMARY-  product_definition_shape ...................................:     46
! SUMMARY-  product_related_product_category ...........................:     12
! SUMMARY-  representation_relationship_with_transformation_and_shape ..:     34
! SUMMARY-  shape_representation .......................................:     12
! SUMMARY-  si_unit_and_solid_angle_unit ...............................:     12
! SUMMARY-  toroidal_surface ...........................................:      8
! SUMMARY-  uncertainty_measure_with_unit ..............................:     12
! SUMMARY-  vector .....................................................:    474
! SUMMARY-  vertex_point ...............................................:    590
! SUMMARY-                                                               -------
! SUMMARY-  Total                                                          12051
! INFO-     Bspline aprx. value in effect for this translation :0.025400 millimeter
! INFO-      
! INFO-     Total number of solids input for this translation  :      12
! INFO-      
! INFO-     Number of solids processed without problems        :      12
! INFO-      
! INFO-     Number of solids with problems output as sheets    :       0
! INFO-      
! INFO-     Number of solids not processed                     :       0
! INFO-      
! INFO-     End of Translation: 8-JUN-2026  4:56:01 PM
! INFO-      
UG to STEP
! INFO-     NX STEP AP214 - V2506.1700
! INFO-      
! INFO-     Start of Translation: 8-JUN-2026  5:16:52 PM
! INFO-      
! STATUS-   Converting Part: C:\Users\PC\Downloads\CNC_UPDATE\CNC_UPDATE\VIRTUAL_MILLING_CNC.prt
! SUMMARY-   
! SUMMARY-  Summary of Unigraphics Part Entities
! SUMMARY-  For Part: C:\Users\PC\Downloads\CNC_UPDATE\CNC_UPDATE\VIRTUAL_MILLING_CNC.prt 
! SUMMARY-  Entities Processed             Count
! SUMMARY-  ------------------             -----
! SUMMARY-  Part Attribute ..............:     1
! SUMMARY-  Font ........................:     1
! SUMMARY-  Color Table .................:     2
! SUMMARY-  Coordinate System ...........:    23
! SUMMARY-  Parameter ...................:     1
! SUMMARY-  Matrix ......................:    12
! SUMMARY-  Component ...................:     8
! SUMMARY-                                 -----
! SUMMARY-  Total                             48
! SUMMARY-   
! SUMMARY-  Summary of Unigraphics Part Entities
! SUMMARY-  For Part: BASE.prt 
! SUMMARY-  Entities Processed             Count
! SUMMARY-  ------------------             -----
! SUMMARY-  Part Attribute ..............:     1
! SUMMARY-  Font ........................:     1
! SUMMARY-  Color Table .................:     2
! SUMMARY-  Coordinate System ...........:     1
! SUMMARY-  Parameter ...................:     1
! SUMMARY-  Matrix ......................:     1
! SUMMARY-  Component ...................:    18
! SUMMARY-                                 -----
! SUMMARY-  Total                             25
! SUMMARY-   
! SUMMARY-  Summary of Unigraphics Part Entities
! SUMMARY-  For Part: BASE_X.prt 
! SUMMARY-  Entities Processed             Count
! SUMMARY-  ------------------             -----
! SUMMARY-  Part Attribute ..............:     1
! SUMMARY-  Font ........................:     1
! SUMMARY-  Color Table .................:     2
! SUMMARY-  Coordinate System ...........:     1
! SUMMARY-  Parameter ...................:     1
! SUMMARY-  Matrix ......................:     1
! SUMMARY-  Component ...................:     7
! SUMMARY-                                 -----
! SUMMARY-  Total                             14
! SUMMARY-   
! SUMMARY-  Summary of Unigraphics Part Entities
! SUMMARY-  For Part: BASE_Y.prt 
! SUMMARY-  Entities Processed             Count
! SUMMARY-  ------------------             -----
! SUMMARY-  Part Attribute ..............:     1
! SUMMARY-  Font ........................:     1
! SUMMARY-  Color Table .................:     2
! SUMMARY-  Coordinate System ...........:     1
! SUMMARY-  Parameter ...................:     1
! SUMMARY-  Matrix ......................:     1
! SUMMARY-  Component ...................:     1
! SUMMARY-                                 -----
! SUMMARY-  Total                              8
! SUMMARY-   
! SUMMARY-  Summary of Unigraphics Part Entities
! SUMMARY-  For Part: BASE_Z.prt 
! SUMMARY-  Entities Processed             Count
! SUMMARY-  ------------------             -----
! SUMMARY-  Part Attribute ..............:     1
! SUMMARY-  Font ........................:     1
! SUMMARY-  Color Table .................:     2
! SUMMARY-  Coordinate System ...........:     1
! SUMMARY-  Parameter ...................:     1
! SUMMARY-  Matrix ......................:     1
! SUMMARY-  Component ...................:    34
! SUMMARY-                                 -----
! SUMMARY-  Total                             41
! SUMMARY-   
! SUMMARY-  Summary of Unigraphics Part Entities
! SUMMARY-  For Part: X_BALL_SCREW.prt 
! SUMMARY-  Entities Processed             Count
! SUMMARY-  ------------------             -----
! SUMMARY-  Part Attribute ..............:     1
! SUMMARY-  Font ........................:     1
! SUMMARY-  Color Table .................:     2
! SUMMARY-  Coordinate System ...........:     1
! SUMMARY-  Parameter ...................:     1
! SUMMARY-  Matrix ......................:     1
! SUMMARY-  Component ...................:     4
! SUMMARY-                                 -----
! SUMMARY-  Total                             11
! SUMMARY-   
! SUMMARY-  Summary of Unigraphics Part Entities
! SUMMARY-  For Part: Y_BALL_SCREW.prt 
! SUMMARY-  Entities Processed             Count
! SUMMARY-  ------------------             -----
! SUMMARY-  Part Attribute ..............:     1
! SUMMARY-  Font ........................:     1
! SUMMARY-  Color Table .................:     2
! SUMMARY-  Coordinate System ...........:     1
! SUMMARY-  Parameter ...................:     1
! SUMMARY-  Matrix ......................:     1
! SUMMARY-  Component ...................:     4
! SUMMARY-                                 -----
! SUMMARY-  Total                             11
! SUMMARY-   
! SUMMARY-  Summary of Unigraphics Part Entities
! SUMMARY-  For Part: Z_BALL_SCREW.prt 
! SUMMARY-  Entities Processed             Count
! SUMMARY-  ------------------             -----
! SUMMARY-  Part Attribute ..............:     1
! SUMMARY-  Font ........................:     1
! SUMMARY-  Color Table .................:     2
! SUMMARY-  Coordinate System ...........:     1
! SUMMARY-  Parameter ...................:     1
! SUMMARY-  Matrix ......................:     1
! SUMMARY-  Component ...................:     4
! SUMMARY-                                 -----
! SUMMARY-  Total                             11
! SUMMARY-   
! SUMMARY-  Summary of Unigraphics Part Entities
! SUMMARY-  For Part: GÁ PHÔI.prt 
! SUMMARY-  Entities Processed             Count
! SUMMARY-  ------------------             -----
! SUMMARY-  Part Attribute ..............:     1
! SUMMARY-  Font ........................:     1
! SUMMARY-  Color Table .................:     2
! SUMMARY-  Coordinate System ...........:     1
! SUMMARY-  Parameter ...................:     1
! SUMMARY-  Matrix ......................:     1
! SUMMARY-  Component ...................:     2
! SUMMARY-                                 -----
! SUMMARY-  Total                              9
! SUMMARY-   
! SUMMARY-  Summary of Unigraphics Part Entities
! SUMMARY-  For Part: truc X-oc46669.prt 
! SUMMARY-  Entities Processed             Count
! SUMMARY-  ------------------             -----
! SUMMARY-  Part Attribute ..............:     1
! SUMMARY-  Font ........................:     1
! SUMMARY-  Color Table .................:     2
! SUMMARY-  Coordinate System ...........:     1
! SUMMARY-  Parameter ...................:     1
! SUMMARY-  Matrix ......................:     1
! SUMMARY-  Component ...................:    59
! SUMMARY-                                 -----
! SUMMARY-  Total                             66
! SUMMARY-   
! SUMMARY-  Summary of Unigraphics Part Entities
! SUMMARY-  For Part: dong co8554.prt 
! SUMMARY-  Entities Processed             Count
! SUMMARY-  ------------------             -----
! SUMMARY-  Part Attribute ..............:     1
! SUMMARY-  Font ........................:     1
! SUMMARY-  Color Table .................:     2
! SUMMARY-  Coordinate System ...........:     1
! SUMMARY-  Parameter ...................:     1
! SUMMARY-  Matrix ......................:     1
! SUMMARY-  Reference Set ...............:     1
! SUMMARY-  Solid/Sheet .................:
! SUMMARY-     Body .....................:     1
! SUMMARY-                                 -----
! SUMMARY-  Total                              9
! SUMMARY-   
! SUMMARY-  Summary of Unigraphics Part Entities
! SUMMARY-  For Part: M4-25-dongco15413.prt 
! SUMMARY-  Entities Processed             Count
! SUMMARY-  ------------------             -----
! SUMMARY-  Part Attribute ..............:     1
! SUMMARY-  Font ........................:     1
! SUMMARY-  Color Table .................:     2
! SUMMARY-  Coordinate System ...........:     1
! SUMMARY-  Parameter ...................:     1
! SUMMARY-  Matrix ......................:     1
! SUMMARY-  Reference Set ...............:     1
! SUMMARY-  Solid/Sheet .................:
! SUMMARY-     Body .....................:     1
! SUMMARY-                                 -----
! SUMMARY-  Total                              9
! SUMMARY-   
! SUMMARY-  Summary of Unigraphics Part Entities
! SUMMARY-  For Part: KeGocX.prt 
! SUMMARY-  Entities Processed             Count
! SUMMARY-  ------------------             -----
! SUMMARY-  Part Attribute ..............:     1
! SUMMARY-  Font ........................:     1
! SUMMARY-  Color Table .................:     2
! SUMMARY-  Coordinate System ...........:     2
! SUMMARY-  Parameter ...................:     1
! SUMMARY-  Matrix ......................:     1
! SUMMARY-  Reference Set ...............:     1
! SUMMARY-  Solid/Sheet .................:
! SUMMARY-     Body .....................:     1
! SUMMARY-                                 -----
! SUMMARY-  Total                             10
! SUMMARY-   
! SUMMARY-  Summary of Unigraphics Part Entities
! SUMMARY-  For Part: KeGocY.prt 
! SUMMARY-  Entities Processed             Count
! SUMMARY-  ------------------             -----
! SUMMARY-  Part Attribute ..............:     1
! SUMMARY-  Font ........................:     1
! SUMMARY-  Color Table .................:     2
! SUMMARY-  Coordinate System ...........:     2
! SUMMARY-  Parameter ...................:     1
! SUMMARY-  Matrix ......................:     1
! SUMMARY-  Reference Set ...............:     1
! SUMMARY-  Solid/Sheet .................:
! SUMMARY-     Body .....................:     1
! SUMMARY-                                 -----
! SUMMARY-  Total                             10
! SUMMARY-   
! SUMMARY-  Summary of Unigraphics Part Entities
! SUMMARY-  For Part: Limitswitch.prt 
! SUMMARY-  Entities Processed             Count
! SUMMARY-  ------------------             -----
! SUMMARY-  Part Attribute ..............:     1
! SUMMARY-  Font ........................:     1
! SUMMARY-  Color Table .................:     2
! SUMMARY-  Coordinate System ...........:     2
! SUMMARY-  Parameter ...................:     1
! SUMMARY-  Matrix ......................:     1
! SUMMARY-  Reference Set ...............:     1
! SUMMARY-  Solid/Sheet .................:
! SUMMARY-     Body .....................:     1
! SUMMARY-                                 -----
! SUMMARY-  Total                             10
! SUMMARY-   
! SUMMARY-  Summary of Unigraphics Part Entities
! SUMMARY-  For Part: bulong_limitswitch.prt 
! SUMMARY-  Entities Processed             Count
! SUMMARY-  ------------------             -----
! SUMMARY-  Part Attribute ..............:     1
! SUMMARY-  Font ........................:     1
! SUMMARY-  Color Table .................:     2
! SUMMARY-  Coordinate System ...........:     1
! SUMMARY-  Parameter ...................:     1
! SUMMARY-  Matrix ......................:     1
! SUMMARY-  Reference Set ...............:     1
! SUMMARY-  Solid/Sheet .................:
! SUMMARY-     Body .....................:     1
! SUMMARY-                                 -----
! SUMMARY-  Total                              9
! SUMMARY-   
! SUMMARY-  Summary of Unigraphics Part Entities
! SUMMARY-  For Part: daioc_limitswitch.prt 
! SUMMARY-  Entities Processed             Count
! SUMMARY-  ------------------             -----
! SUMMARY-  Part Attribute ..............:     1
! SUMMARY-  Font ........................:     1
! SUMMARY-  Color Table .................:     2
! SUMMARY-  Coordinate System ...........:     1
! SUMMARY-  Parameter ...................:     1
! SUMMARY-  Matrix ......................:     1
! SUMMARY-  Reference Set ...............:     1
! SUMMARY-  Solid/Sheet .................:
! SUMMARY-     Body .....................:     1
! SUMMARY-                                 -----
! SUMMARY-  Total                              9
! SUMMARY-   
! SUMMARY-  Summary of Unigraphics Part Entities
! SUMMARY-  For Part: truc Y-oc54.prt 
! SUMMARY-  Entities Processed             Count
! SUMMARY-  ------------------             -----
! SUMMARY-  Part Attribute ..............:     1
! SUMMARY-  Font ........................:     1
! SUMMARY-  Color Table .................:     2
! SUMMARY-  Coordinate System ...........:     1
! SUMMARY-  Parameter ...................:     1
! SUMMARY-  Matrix ......................:     1
! SUMMARY-  Component ...................:    50
! SUMMARY-                                 -----
! SUMMARY-  Total                             57
! SUMMARY-   
! SUMMARY-  Summary of Unigraphics Part Entities
! SUMMARY-  For Part: Tam Ga Z.prt 
! SUMMARY-  Entities Processed             Count
! SUMMARY-  ------------------             -----
! SUMMARY-  Part Attribute ..............:     1
! SUMMARY-  Font ........................:     1
! SUMMARY-  Color Table .................:     2
! SUMMARY-  Coordinate System ...........:     1
! SUMMARY-  Parameter ...................:     1
! SUMMARY-  Matrix ......................:     1
! SUMMARY-  Reference Set ...............:     1
! SUMMARY-  Solid/Sheet .................:
! SUMMARY-     Body .....................:     1
! SUMMARY-                                 -----
! SUMMARY-  Total                              9
! SUMMARY-   
! SUMMARY-  Summary of Unigraphics Part Entities
! SUMMARY-  For Part: ban may chu T--0c29841.prt 
! SUMMARY-  Entities Processed             Count
! SUMMARY-  ------------------             -----
! SUMMARY-  Part Attribute ..............:     1
! SUMMARY-  Font ........................:     1
! SUMMARY-  Color Table .................:     2
! SUMMARY-  Coordinate System ...........:     1
! SUMMARY-  Parameter ...................:     1
! SUMMARY-  Matrix ......................:     1
! SUMMARY-  Component ...................:    40
! SUMMARY-                                 -----
! SUMMARY-  Total                             47
! SUMMARY-   
! SUMMARY-  Summary of Unigraphics Part Entities
! SUMMARY-  For Part: M6-20-con truot Z45805.prt 
! SUMMARY-  Entities Processed             Count
! SUMMARY-  ------------------             -----
! SUMMARY-  Part Attribute ..............:     1
! SUMMARY-  Font ........................:     1
! SUMMARY-  Color Table .................:     2
! SUMMARY-  Coordinate System ...........:     1
! SUMMARY-  Parameter ...................:     1
! SUMMARY-  Matrix ......................:     1
! SUMMARY-  Reference Set ...............:     1
! SUMMARY-  Solid/Sheet .................:
! SUMMARY-     Body .....................:     1
! SUMMARY-                                 -----
! SUMMARY-  Total                              9
! SUMMARY-   
! SUMMARY-  Summary of Unigraphics Part Entities
! SUMMARY-  For Part: M6-12-vitmebi-ban may13242.prt 
! SUMMARY-  Entities Processed             Count
! SUMMARY-  ------------------             -----
! SUMMARY-  Part Attribute ..............:     1
! SUMMARY-  Font ........................:     1
! SUMMARY-  Color Table .................:     2
! SUMMARY-  Coordinate System ...........:     1
! SUMMARY-  Parameter ...................:     1
! SUMMARY-  Matrix ......................:     1
! SUMMARY-  Reference Set ...............:     1
! SUMMARY-  Solid/Sheet .................:
! SUMMARY-     Body .....................:     1
! SUMMARY-                                 -----
! SUMMARY-  Total                              9
! SUMMARY-   
! SUMMARY-  Summary of Unigraphics Part Entities
! SUMMARY-  For Part: 5617175.prt 
! SUMMARY-  Entities Processed             Count
! SUMMARY-  ------------------             -----
! SUMMARY-  Part Attribute ..............:     1
! SUMMARY-  Font ........................:     1
! SUMMARY-  Color Table .................:     2
! SUMMARY-  Coordinate System ...........:     1
! SUMMARY-  Parameter ...................:     1
! SUMMARY-  Matrix ......................:     1
! SUMMARY-  Reference Set ...............:     1
! SUMMARY-  Solid/Sheet .................:
! SUMMARY-     Body .....................:     1
! SUMMARY-                                 -----
! SUMMARY-  Total                              9
! SUMMARY-   
! SUMMARY-  Summary of Unigraphics Part Entities
! SUMMARY-  For Part: M8-20-bich X-con truot X44789.prt 
! SUMMARY-  Entities Processed             Count
! SUMMARY-  ------------------             -----
! SUMMARY-  Part Attribute ..............:     1
! SUMMARY-  Font ........................:     1
! SUMMARY-  Color Table .................:     2
! SUMMARY-  Coordinate System ...........:     1
! SUMMARY-  Parameter ...................:     1
! SUMMARY-  Matrix ......................:     1
! SUMMARY-  Reference Set ...............:     1
! SUMMARY-  Solid/Sheet .................:
! SUMMARY-     Body .....................:     1
! SUMMARY-                                 -----
! SUMMARY-  Total                              9
! SUMMARY-   
! SUMMARY-  Summary of Unigraphics Part Entities
! SUMMARY-  For Part: lot- Z39840.prt 
! SUMMARY-  Entities Processed             Count
! SUMMARY-  ------------------             -----
! SUMMARY-  Part Attribute ..............:     1
! SUMMARY-  Font ........................:     1
! SUMMARY-  Color Table .................:     2
! SUMMARY-  Coordinate System ...........:     1
! SUMMARY-  Parameter ...................:     1
! SUMMARY-  Matrix ......................:     1
! SUMMARY-  Reference Set ...............:     1
! SUMMARY-  Solid/Sheet .................:
! SUMMARY-     Body .....................:     1
! SUMMARY-                                 -----
! SUMMARY-  Total                              9
! SUMMARY-   
! SUMMARY-  Summary of Unigraphics Part Entities
! SUMMARY-  For Part: con truot Z38678.prt 
! SUMMARY-  Entities Processed             Count
! SUMMARY-  ------------------             -----
! SUMMARY-  Part Attribute ..............:     1
! SUMMARY-  Font ........................:     1
! SUMMARY-  Color Table .................:     2
! SUMMARY-  Coordinate System ...........:     1
! SUMMARY-  Parameter ...................:     1
! SUMMARY-  Matrix ......................:     1
! SUMMARY-  Reference Set ...............:     1
! SUMMARY-  Solid/Sheet .................:
! SUMMARY-     Body .....................:     1
! SUMMARY-                                 -----
! SUMMARY-  Total                              9
! SUMMARY-   
! SUMMARY-  Summary of Unigraphics Part Entities
! SUMMARY-  For Part: vitmebi10167.prt 
! SUMMARY-  Entities Processed             Count
! SUMMARY-  ------------------             -----
! SUMMARY-  Part Attribute ..............:     1
! SUMMARY-  Font ........................:     1
! SUMMARY-  Color Table .................:     2
! SUMMARY-  Coordinate System ...........:     1
! SUMMARY-  Parameter ...................:     1
! SUMMARY-  Matrix ......................:     1
! SUMMARY-  Reference Set ...............:     1
! SUMMARY-  Solid/Sheet .................:
! SUMMARY-     Body .....................:     2
! SUMMARY-                                 -----
! SUMMARY-  Total                             10
! SUMMARY-   
! SUMMARY-  Summary of Unigraphics Part Entities
! SUMMARY-  For Part: dao dao43988.prt 
! SUMMARY-  Entities Processed             Count
! SUMMARY-  ------------------             -----
! SUMMARY-  Part Attribute ..............:     1
! SUMMARY-  Font ........................:     1
! SUMMARY-  Color Table .................:     2
! SUMMARY-  Coordinate System ...........:     1
! SUMMARY-  Parameter ...................:     1
! SUMMARY-  Matrix ......................:     1
! SUMMARY-  Reference Set ...............:     1
! SUMMARY-  Solid/Sheet .................:
! SUMMARY-     Body .....................:     1
! SUMMARY-                                 -----
! SUMMARY-  Total                              9
! SUMMARY-   
! SUMMARY-  Summary of Unigraphics Part Entities
! SUMMARY-  For Part: bich- dau dao42679.prt 
! SUMMARY-  Entities Processed             Count
! SUMMARY-  ------------------             -----
! SUMMARY-  Part Attribute ..............:     1
! SUMMARY-  Font ........................:     1
! SUMMARY-  Color Table .................:     2
! SUMMARY-  Coordinate System ...........:     1
! SUMMARY-  Parameter ...................:     1
! SUMMARY-  Matrix ......................:     1
! SUMMARY-  Reference Set ...............:     1
! SUMMARY-  Solid/Sheet .................:
! SUMMARY-     Body .....................:     1
! SUMMARY-                                 -----
! SUMMARY-  Total                              9
! SUMMARY-   
! SUMMARY-  Summary of Unigraphics Part Entities
! SUMMARY-  For Part: ban may dao40136.prt 
! SUMMARY-  Entities Processed             Count
! SUMMARY-  ------------------             -----
! SUMMARY-  Part Attribute ..............:     1
! SUMMARY-  Font ........................:     1
! SUMMARY-  Color Table .................:     2
! SUMMARY-  Coordinate System ...........:     1
! SUMMARY-  Parameter ...................:     1
! SUMMARY-  Matrix ......................:     1
! SUMMARY-  Reference Set ...............:     1
! SUMMARY-  Solid/Sheet .................:
! SUMMARY-     Body .....................:     1
! SUMMARY-                                 -----
! SUMMARY-  Total                              9
! SUMMARY-   
! SUMMARY-  Summary of Unigraphics Part Entities
! SUMMARY-  For Part: Thanh Gat.prt 
! SUMMARY-  Entities Processed             Count
! SUMMARY-  ------------------             -----
! SUMMARY-  Part Attribute ..............:     1
! SUMMARY-  Font ........................:     1
! SUMMARY-  Color Table .................:     2
! SUMMARY-  Coordinate System ...........:     2
! SUMMARY-  Parameter ...................:     1
! SUMMARY-  Matrix ......................:     1
! SUMMARY-  Reference Set ...............:     1
! SUMMARY-  Solid/Sheet .................:
! SUMMARY-     Body .....................:     1
! SUMMARY-                                 -----
! SUMMARY-  Total                             10
! SUMMARY-   
! SUMMARY-  Summary of Unigraphics Part Entities
! SUMMARY-  For Part: vong bi vit me14292.prt 
! SUMMARY-  Entities Processed             Count
! SUMMARY-  ------------------             -----
! SUMMARY-  Part Attribute ..............:     1
! SUMMARY-  Font ........................:     1
! SUMMARY-  Color Table .................:     2
! SUMMARY-  Coordinate System ...........:     1
! SUMMARY-  Parameter ...................:     1
! SUMMARY-  Matrix ......................:     1
! SUMMARY-  Reference Set ...............:     1
! SUMMARY-  Solid/Sheet .................:
! SUMMARY-     Body .....................:     1
! SUMMARY-                                 -----
! SUMMARY-  Total                              9
! SUMMARY-   
! SUMMARY-  Summary of Unigraphics Part Entities
! SUMMARY-  For Part: M6-20-con truot Z.155869.prt 
! SUMMARY-  Entities Processed             Count
! SUMMARY-  ------------------             -----
! SUMMARY-  Part Attribute ..............:     1
! SUMMARY-  Font ........................:     1
! SUMMARY-  Color Table .................:     2
! SUMMARY-  Coordinate System ...........:     1
! SUMMARY-  Parameter ...................:     1
! SUMMARY-  Matrix ......................:     1
! SUMMARY-  Reference Set ...............:     1
! SUMMARY-  Solid/Sheet .................:
! SUMMARY-     Body .....................:     1
! SUMMARY-                                 -----
! SUMMARY-  Total                              9
! SUMMARY-   
! SUMMARY-  Summary of Unigraphics Part Entities
! SUMMARY-  For Part: Part20.2.478717.prt 
! SUMMARY-  Entities Processed             Count
! SUMMARY-  ------------------             -----
! SUMMARY-  Part Attribute ..............:     1
! SUMMARY-  Font ........................:     1
! SUMMARY-  Color Table .................:     2
! SUMMARY-  Coordinate System ...........:     1
! SUMMARY-  Parameter ...................:     1
! SUMMARY-  Matrix ......................:     1
! SUMMARY-  Reference Set ...............:     1
! SUMMARY-  Solid/Sheet .................:
! SUMMARY-     Body .....................:     1
! SUMMARY-                                 -----
! SUMMARY-  Total                              9
! SUMMARY-   
! SUMMARY-  Summary of Unigraphics Part Entities
! SUMMARY-  For Part: Part2018124.prt 
! SUMMARY-  Entities Processed             Count
! SUMMARY-  ------------------             -----
! SUMMARY-  Part Attribute ..............:     1
! SUMMARY-  Font ........................:     1
! SUMMARY-  Color Table .................:     2
! SUMMARY-  Coordinate System ...........:     1
! SUMMARY-  Parameter ...................:     1
! SUMMARY-  Matrix ......................:     1
! SUMMARY-  Reference Set ...............:     1
! SUMMARY-  Solid/Sheet .................:
! SUMMARY-     Body .....................:     1
! SUMMARY-                                 -----
! SUMMARY-  Total                              9
! SUMMARY-   
! SUMMARY-  Summary of Unigraphics Part Entities
! SUMMARY-  For Part: Part20.256728.prt 
! SUMMARY-  Entities Processed             Count
! SUMMARY-  ------------------             -----
! SUMMARY-  Part Attribute ..............:     1
! SUMMARY-  Font ........................:     1
! SUMMARY-  Color Table .................:     2
! SUMMARY-  Coordinate System ...........:     1
! SUMMARY-  Parameter ...................:     1
! SUMMARY-  Matrix ......................:     1
! SUMMARY-  Reference Set ...............:     1
! SUMMARY-  Solid/Sheet .................:
! SUMMARY-     Body .....................:     1
! SUMMARY-                                 -----
! SUMMARY-  Total                              9
! SUMMARY-   
! SUMMARY-  Summary of Unigraphics Part Entities
! SUMMARY-  For Part: Part20.1.319977.prt 
! SUMMARY-  Entities Processed             Count
! SUMMARY-  ------------------             -----
! SUMMARY-  Part Attribute ..............:     1
! SUMMARY-  Font ........................:     1
! SUMMARY-  Color Table .................:     2
! SUMMARY-  Coordinate System ...........:     1
! SUMMARY-  Parameter ...................:     1
! SUMMARY-  Matrix ......................:     1
! SUMMARY-  Reference Set ...............:     1
! SUMMARY-  Solid/Sheet .................:
! SUMMARY-     Body .....................:     1
! SUMMARY-                                 -----
! SUMMARY-  Total                              9
! SUMMARY-   
! SUMMARY-  Summary of Unigraphics Part Entities
! SUMMARY-  For Part: M6-20-con truot Z.216249.prt 
! SUMMARY-  Entities Processed             Count
! SUMMARY-  ------------------             -----
! SUMMARY-  Part Attribute ..............:     1
! SUMMARY-  Font ........................:     1
! SUMMARY-  Color Table .................:     2
! SUMMARY-  Coordinate System ...........:     1
! SUMMARY-  Parameter ...................:     1
! SUMMARY-  Matrix ......................:     1
! SUMMARY-  Reference Set ...............:     1
! SUMMARY-  Solid/Sheet .................:
! SUMMARY-     Body .....................:     1
! SUMMARY-                                 -----
! SUMMARY-  Total                              9
! SUMMARY-   
! SUMMARY-  Summary of Unigraphics Part Entities
! SUMMARY-  For Part: JIG.prt 
! SUMMARY-  Entities Processed             Count
! SUMMARY-  ------------------             -----
! SUMMARY-  Part Attribute ..............:     1
! SUMMARY-  Font ........................:     1
! SUMMARY-  Color Table .................:     2
! SUMMARY-  Coordinate System ...........:     1
! SUMMARY-  Parameter ...................:     1
! SUMMARY-  Matrix ......................:     1
! SUMMARY-  Reference Set ...............:     1
! SUMMARY-  Solid/Sheet .................:
! SUMMARY-     Body .....................:     1
! SUMMARY-                                 -----
! SUMMARY-  Total                              9
! SUMMARY-   
! SUMMARY-  Summary of Unigraphics Part Entities
! SUMMARY-  For Part: JIG_1.prt 
! SUMMARY-  Entities Processed             Count
! SUMMARY-  ------------------             -----
! SUMMARY-  Part Attribute ..............:     1
! SUMMARY-  Font ........................:     1
! SUMMARY-  Color Table .................:     2
! SUMMARY-  Coordinate System ...........:     1
! SUMMARY-  Parameter ...................:     1
! SUMMARY-  Matrix ......................:     1
! SUMMARY-  Reference Set ...............:     1
! SUMMARY-  Solid/Sheet .................:
! SUMMARY-     Body .....................:     1
! SUMMARY-                                 -----
! SUMMARY-  Total                              9
! SUMMARY-   
! SUMMARY-  Summary of Unigraphics Part Entities
! SUMMARY-  For Part: bich Y46677.prt 
! SUMMARY-  Entities Processed             Count
! SUMMARY-  ------------------             -----
! SUMMARY-  Part Attribute ..............:     1
! SUMMARY-  Font ........................:     1
! SUMMARY-  Color Table .................:     2
! SUMMARY-  Coordinate System ...........:     1
! SUMMARY-  Parameter ...................:     1
! SUMMARY-  Matrix ......................:     1
! SUMMARY-  Reference Set ...............:     1
! SUMMARY-  Solid/Sheet .................:
! SUMMARY-     Body .....................:     1
! SUMMARY-                                 -----
! SUMMARY-  Total                              9
! SUMMARY-   
! SUMMARY-  Summary of Unigraphics Part Entities
! SUMMARY-  For Part: danhuong X47250.prt 
! SUMMARY-  Entities Processed             Count
! SUMMARY-  ------------------             -----
! SUMMARY-  Part Attribute ..............:     1
! SUMMARY-  Font ........................:     1
! SUMMARY-  Color Table .................:     2
! SUMMARY-  Coordinate System ...........:     1
! SUMMARY-  Parameter ...................:     1
! SUMMARY-  Matrix ......................:     1
! SUMMARY-  Reference Set ...............:     1
! SUMMARY-  Solid/Sheet .................:
! SUMMARY-     Body .....................:     1
! SUMMARY-                                 -----
! SUMMARY-  Total                              9
! SUMMARY-   
! SUMMARY-  Summary of Unigraphics Part Entities
! SUMMARY-  For Part: bich-de may47595.prt 
! SUMMARY-  Entities Processed             Count
! SUMMARY-  ------------------             -----
! SUMMARY-  Part Attribute ..............:     1
! SUMMARY-  Font ........................:     1
! SUMMARY-  Color Table .................:     2
! SUMMARY-  Coordinate System ...........:     1
! SUMMARY-  Parameter ...................:     1
! SUMMARY-  Matrix ......................:     1
! SUMMARY-  Reference Set ...............:     1
! SUMMARY-  Solid/Sheet .................:
! SUMMARY-     Body .....................:     1
! SUMMARY-                                 -----
! SUMMARY-  Total                              9
! SUMMARY-   
! SUMMARY-  Summary of Unigraphics Part Entities
! SUMMARY-  For Part: de may.148168.prt 
! SUMMARY-  Entities Processed             Count
! SUMMARY-  ------------------             -----
! SUMMARY-  Part Attribute ..............:     1
! SUMMARY-  Font ........................:     1
! SUMMARY-  Color Table .................:     2
! SUMMARY-  Coordinate System ...........:     1
! SUMMARY-  Parameter ...................:     1
! SUMMARY-  Matrix ......................:     1
! SUMMARY-  Reference Set ...............:     1
! SUMMARY-  Solid/Sheet .................:
! SUMMARY-     Body .....................:     1
! SUMMARY-                                 -----
! SUMMARY-  Total                              9
! SUMMARY-   
! SUMMARY-  Summary of Unigraphics Part Entities
! SUMMARY-  For Part: cot tru- de may49321.prt 
! SUMMARY-  Entities Processed             Count
! SUMMARY-  ------------------             -----
! SUMMARY-  Part Attribute ..............:     1
! SUMMARY-  Font ........................:     1
! SUMMARY-  Color Table .................:     2
! SUMMARY-  Coordinate System ...........:     1
! SUMMARY-  Parameter ...................:     1
! SUMMARY-  Matrix ......................:     1
! SUMMARY-  Reference Set ...............:     1
! SUMMARY-  Solid/Sheet .................:
! SUMMARY-     Body .....................:     1
! SUMMARY-                                 -----
! SUMMARY-  Total                              9
! SUMMARY-   
! SUMMARY-  Summary of Unigraphics Part Entities
! SUMMARY-  For Part: ban may Y49993.prt 
! SUMMARY-  Entities Processed             Count
! SUMMARY-  ------------------             -----
! SUMMARY-  Part Attribute ..............:     1
! SUMMARY-  Font ........................:     1
! SUMMARY-  Color Table .................:     2
! SUMMARY-  Coordinate System ...........:     1
! SUMMARY-  Parameter ...................:     1
! SUMMARY-  Matrix ......................:     1
! SUMMARY-  Reference Set ...............:     1
! SUMMARY-  Solid/Sheet .................:
! SUMMARY-     Body .....................:     1
! SUMMARY-                                 -----
! SUMMARY-  Total                              9
! SUMMARY-   
! SUMMARY-  Summary of Unigraphics Part Entities
! SUMMARY-  For Part: o lan62.prt 
! SUMMARY-  Entities Processed             Count
! SUMMARY-  ------------------             -----
! SUMMARY-  Part Attribute ..............:     1
! SUMMARY-  Font ........................:     1
! SUMMARY-  Color Table .................:     2
! SUMMARY-  Coordinate System ...........:     1
! SUMMARY-  Parameter ...................:     1
! SUMMARY-  Matrix ......................:     1
! SUMMARY-  Reference Set ...............:     1
! SUMMARY-  Solid/Sheet .................:
! SUMMARY-     Body .....................:     1
! SUMMARY-                                 -----
! SUMMARY-  Total                              9
! SUMMARY-   
! SUMMARY-  Summary of Unigraphics Part Entities
! SUMMARY-  For Part: danhuong-Y51435.prt 
! SUMMARY-  Entities Processed             Count
! SUMMARY-  ------------------             -----
! SUMMARY-  Part Attribute ..............:     1
! SUMMARY-  Font ........................:     1
! SUMMARY-  Color Table .................:     2
! SUMMARY-  Coordinate System ...........:     1
! SUMMARY-  Parameter ...................:     1
! SUMMARY-  Matrix ......................:     1
! SUMMARY-  Reference Set ...............:     1
! SUMMARY-  Solid/Sheet .................:
! SUMMARY-     Body .....................:     1
! SUMMARY-                                 -----
! SUMMARY-  Total                              9
! SUMMARY-   
! SUMMARY-  Summary of Unigraphics Part Entities
! SUMMARY-  For Part: vong ghep14123.prt 
! SUMMARY-  Entities Processed             Count
! SUMMARY-  ------------------             -----
! SUMMARY-  Part Attribute ..............:     1
! SUMMARY-  Font ........................:     1
! SUMMARY-  Color Table .................:     2
! SUMMARY-  Coordinate System ...........:     1
! SUMMARY-  Parameter ...................:     1
! SUMMARY-  Matrix ......................:     1
! SUMMARY-  Reference Set ...............:     1
! SUMMARY-  Solid/Sheet .................:
! SUMMARY-     Body .....................:     1
! SUMMARY-                                 -----
! SUMMARY-  Total                              9
! SUMMARY-   
! SUMMARY-  Summary of Unigraphics Part Entities
! SUMMARY-  For Part: M10-45-demay-bich-cot51955.prt 
! SUMMARY-  Entities Processed             Count
! SUMMARY-  ------------------             -----
! SUMMARY-  Part Attribute ..............:     1
! SUMMARY-  Font ........................:     1
! SUMMARY-  Color Table .................:     2
! SUMMARY-  Coordinate System ...........:     1
! SUMMARY-  Parameter ...................:     1
! SUMMARY-  Matrix ......................:     1
! SUMMARY-  Reference Set ...............:     1
! SUMMARY-  Solid/Sheet .................:
! SUMMARY-     Body .....................:     1
! SUMMARY-                                 -----
! SUMMARY-  Total                              9
! SUMMARY-   
! SUMMARY-  Summary of Unigraphics Part Entities
! SUMMARY-  For Part: 1252956.prt 
! SUMMARY-  Entities Processed             Count
! SUMMARY-  ------------------             -----
! SUMMARY-  Part Attribute ..............:     1
! SUMMARY-  Font ........................:     1
! SUMMARY-  Color Table .................:     2
! SUMMARY-  Coordinate System ...........:     1
! SUMMARY-  Parameter ...................:     1
! SUMMARY-  Matrix ......................:     1
! SUMMARY-  Reference Set ...............:     1
! SUMMARY-  Solid/Sheet .................:
! SUMMARY-     Body .....................:     1
! SUMMARY-                                 -----
! SUMMARY-  Total                              9
! SUMMARY-   
! SUMMARY-  Summary of Unigraphics Part Entities
! SUMMARY-  For Part: 2353867.prt 
! SUMMARY-  Entities Processed             Count
! SUMMARY-  ------------------             -----
! SUMMARY-  Part Attribute ..............:     1
! SUMMARY-  Font ........................:     1
! SUMMARY-  Color Table .................:     2
! SUMMARY-  Coordinate System ...........:     1
! SUMMARY-  Parameter ...................:     1
! SUMMARY-  Matrix ......................:     1
! SUMMARY-  Reference Set ...............:     1
! SUMMARY-  Solid/Sheet .................:
! SUMMARY-     Body .....................:     1
! SUMMARY-                                 -----
! SUMMARY-  Total                              9
! SUMMARY-   
! SUMMARY-  Summary of Unigraphics Part Entities
! SUMMARY-  For Part: 8754838.prt 
! SUMMARY-  Entities Processed             Count
! SUMMARY-  ------------------             -----
! SUMMARY-  Part Attribute ..............:     1
! SUMMARY-  Font ........................:     1
! SUMMARY-  Color Table .................:     2
! SUMMARY-  Coordinate System ...........:     1
! SUMMARY-  Parameter ...................:     1
! SUMMARY-  Matrix ......................:     1
! SUMMARY-  Reference Set ...............:     1
! SUMMARY-  Solid/Sheet .................:
! SUMMARY-     Body .....................:     1
! SUMMARY-                                 -----
! SUMMARY-  Total                              9
! SUMMARY-   
! SUMMARY-  Summary of Unigraphics Part Entities
! SUMMARY-  For Part: vime X56720.prt 
! SUMMARY-  Entities Processed             Count
! SUMMARY-  ------------------             -----
! SUMMARY-  Part Attribute ..............:     1
! SUMMARY-  Font ........................:     1
! SUMMARY-  Color Table .................:     2
! SUMMARY-  Coordinate System ...........:     1
! SUMMARY-  Parameter ...................:     1
! SUMMARY-  Matrix ......................:     1
! SUMMARY-                                 -----
! SUMMARY-  Total                              7
! SUMMARY-   
! SUMMARY-  Summary of Unigraphics Part Entities
! SUMMARY-  For Part: vime Y78709.prt 
! SUMMARY-  Entities Processed             Count
! SUMMARY-  ------------------             -----
! SUMMARY-  Part Attribute ..............:     1
! SUMMARY-  Font ........................:     1
! SUMMARY-  Color Table .................:     2
! SUMMARY-  Coordinate System ...........:     1
! SUMMARY-  Parameter ...................:     1
! SUMMARY-  Matrix ......................:     1
! SUMMARY-                                 -----
! SUMMARY-  Total                              7
! SUMMARY-   
! SUMMARY-  Summary of Unigraphics Part Entities
! SUMMARY-  For Part: bich- Z3910.prt 
! SUMMARY-  Entities Processed             Count
! SUMMARY-  ------------------             -----
! SUMMARY-  Part Attribute ..............:     1
! SUMMARY-  Font ........................:     1
! SUMMARY-  Color Table .................:     2
! SUMMARY-  Coordinate System ...........:     1
! SUMMARY-  Parameter ...................:     1
! SUMMARY-  Matrix ......................:     1
! SUMMARY-  Reference Set ...............:     1
! SUMMARY-  Solid/Sheet .................:
! SUMMARY-     Body .....................:     1
! SUMMARY-                                 -----
! SUMMARY-  Total                              9
! SUMMARY-   
! SUMMARY-  Summary of Unigraphics Part Entities
! SUMMARY-  For Part: banmay Z4506.prt 
! SUMMARY-  Entities Processed             Count
! SUMMARY-  ------------------             -----
! SUMMARY-  Part Attribute ..............:     1
! SUMMARY-  Font ........................:     1
! SUMMARY-  Color Table .................:     2
! SUMMARY-  Coordinate System ...........:     1
! SUMMARY-  Parameter ...................:     1
! SUMMARY-  Matrix ......................:     1
! SUMMARY-  Reference Set ...............:     1
! SUMMARY-  Solid/Sheet .................:
! SUMMARY-     Body .....................:     1
! SUMMARY-                                 -----
! SUMMARY-  Total                              9
! SUMMARY-   
! SUMMARY-  Summary of Unigraphics Part Entities
! SUMMARY-  For Part: con truot -Y6648.prt 
! SUMMARY-  Entities Processed             Count
! SUMMARY-  ------------------             -----
! SUMMARY-  Part Attribute ..............:     1
! SUMMARY-  Font ........................:     1
! SUMMARY-  Color Table .................:     2
! SUMMARY-  Coordinate System ...........:     1
! SUMMARY-  Parameter ...................:     1
! SUMMARY-  Matrix ......................:     1
! SUMMARY-  Reference Set ...............:     1
! SUMMARY-  Solid/Sheet .................:
! SUMMARY-     Body .....................:     1
! SUMMARY-                                 -----
! SUMMARY-  Total                              9
! SUMMARY-   
! SUMMARY-  Summary of Unigraphics Part Entities
! SUMMARY-  For Part: lot -Y7913.prt 
! SUMMARY-  Entities Processed             Count
! SUMMARY-  ------------------             -----
! SUMMARY-  Part Attribute ..............:     1
! SUMMARY-  Font ........................:     1
! SUMMARY-  Color Table .................:     2
! SUMMARY-  Coordinate System ...........:     1
! SUMMARY-  Parameter ...................:     1
! SUMMARY-  Matrix ......................:     1
! SUMMARY-  Reference Set ...............:     1
! SUMMARY-  Solid/Sheet .................:
! SUMMARY-     Body .....................:     1
! SUMMARY-                                 -----
! SUMMARY-  Total                              9
! SUMMARY-   
! SUMMARY-  Summary of Unigraphics Part Entities
! SUMMARY-  For Part: dan huong Z8209.prt 
! SUMMARY-  Entities Processed             Count
! SUMMARY-  ------------------             -----
! SUMMARY-  Part Attribute ..............:     1
! SUMMARY-  Font ........................:     1
! SUMMARY-  Color Table .................:     2
! SUMMARY-  Coordinate System ...........:     1
! SUMMARY-  Parameter ...................:     1
! SUMMARY-  Matrix ......................:     1
! SUMMARY-  Reference Set ...............:     1
! SUMMARY-  Solid/Sheet .................:
! SUMMARY-     Body .....................:     1
! SUMMARY-                                 -----
! SUMMARY-  Total                              9
! SUMMARY-   
! SUMMARY-  Summary of Unigraphics Part Entities
! SUMMARY-  For Part: M8-20-bich X-con truot X.311390.prt 
! SUMMARY-  Entities Processed             Count
! SUMMARY-  ------------------             -----
! SUMMARY-  Part Attribute ..............:     1
! SUMMARY-  Font ........................:     1
! SUMMARY-  Color Table .................:     2
! SUMMARY-  Coordinate System ...........:     1
! SUMMARY-  Parameter ...................:     1
! SUMMARY-  Matrix ......................:     1
! SUMMARY-  Reference Set ...............:     1
! SUMMARY-  Solid/Sheet .................:
! SUMMARY-     Body .....................:     1
! SUMMARY-                                 -----
! SUMMARY-  Total                              9
! SUMMARY-   
! SUMMARY-  Summary of Unigraphics Part Entities
! SUMMARY-  For Part: 3412301.prt 
! SUMMARY-  Entities Processed             Count
! SUMMARY-  ------------------             -----
! SUMMARY-  Part Attribute ..............:     1
! SUMMARY-  Font ........................:     1
! SUMMARY-  Color Table .................:     2
! SUMMARY-  Coordinate System ...........:     1
! SUMMARY-  Parameter ...................:     1
! SUMMARY-  Matrix ......................:     1
! SUMMARY-  Reference Set ...............:     1
! SUMMARY-  Solid/Sheet .................:
! SUMMARY-     Body .....................:     1
! SUMMARY-                                 -----
! SUMMARY-  Total                              9
! SUMMARY-   
! SUMMARY-  Summary of Unigraphics Part Entities
! SUMMARY-  For Part: 7814577.prt 
! SUMMARY-  Entities Processed             Count
! SUMMARY-  ------------------             -----
! SUMMARY-  Part Attribute ..............:     1
! SUMMARY-  Font ........................:     1
! SUMMARY-  Color Table .................:     2
! SUMMARY-  Coordinate System ...........:     1
! SUMMARY-  Parameter ...................:     1
! SUMMARY-  Matrix ......................:     1
! SUMMARY-  Reference Set ...............:     1
! SUMMARY-  Solid/Sheet .................:
! SUMMARY-     Body .....................:     1
! SUMMARY-                                 -----
! SUMMARY-  Total                              9
! SUMMARY-   
! SUMMARY-  Summary of Unigraphics Part Entities
! SUMMARY-  For Part: vime Z18116.prt 
! SUMMARY-  Entities Processed             Count
! SUMMARY-  ------------------             -----
! SUMMARY-  Part Attribute ..............:     1
! SUMMARY-  Font ........................:     1
! SUMMARY-  Color Table .................:     2
! SUMMARY-  Coordinate System ...........:     1
! SUMMARY-  Parameter ...................:     1
! SUMMARY-  Matrix ......................:     1
! SUMMARY-                                 -----
! SUMMARY-  Total                              7
! SUMMARY-   
! SUMMARY-  Summary of Unigraphics Part Entities
! SUMMARY-  For Part: ban may X- bich29864.prt 
! SUMMARY-  Entities Processed             Count
! SUMMARY-  ------------------             -----
! SUMMARY-  Part Attribute ..............:     1
! SUMMARY-  Font ........................:     1
! SUMMARY-  Color Table .................:     2
! SUMMARY-  Coordinate System ...........:     1
! SUMMARY-  Parameter ...................:     1
! SUMMARY-  Matrix ......................:     1
! SUMMARY-  Reference Set ...............:     1
! SUMMARY-  Solid/Sheet .................:
! SUMMARY-     Body .....................:     1
! SUMMARY-                                 -----
! SUMMARY-  Total                              9
! SUMMARY-   
! SUMMARY-  Summary of Unigraphics Part Entities
! SUMMARY-  For Part: ban may X- chu T31478.prt 
! SUMMARY-  Entities Processed             Count
! SUMMARY-  ------------------             -----
! SUMMARY-  Part Attribute ..............:     1
! SUMMARY-  Font ........................:     1
! SUMMARY-  Color Table .................:     2
! SUMMARY-  Coordinate System ...........:     1
! SUMMARY-  Parameter ...................:     1
! SUMMARY-  Matrix ......................:     1
! SUMMARY-  Reference Set ...............:     1
! SUMMARY-  Solid/Sheet .................:
! SUMMARY-     Body .....................:     4
! SUMMARY-                                 -----
! SUMMARY-  Total                             12
! SUMMARY-   
! SUMMARY-  Summary of Unigraphics Part Entities
! SUMMARY-  For Part: banmay X33211.prt 
! SUMMARY-  Entities Processed             Count
! SUMMARY-  ------------------             -----
! SUMMARY-  Part Attribute ..............:     1
! SUMMARY-  Font ........................:     1
! SUMMARY-  Color Table .................:     2
! SUMMARY-  Coordinate System ...........:     1
! SUMMARY-  Parameter ...................:     1
! SUMMARY-  Matrix ......................:     1
! SUMMARY-  Reference Set ...............:     1
! SUMMARY-  Solid/Sheet .................:
! SUMMARY-     Body .....................:     1
! SUMMARY-                                 -----
! SUMMARY-  Total                              9
! SUMMARY-   
! SUMMARY-  Summary of Unigraphics Part Entities
! SUMMARY-  For Part: con truot X35765.prt 
! SUMMARY-  Entities Processed             Count
! SUMMARY-  ------------------             -----
! SUMMARY-  Part Attribute ..............:     1
! SUMMARY-  Font ........................:     1
! SUMMARY-  Color Table .................:     2
! SUMMARY-  Coordinate System ...........:     1
! SUMMARY-  Parameter ...................:     1
! SUMMARY-  Matrix ......................:     1
! SUMMARY-  Reference Set ...............:     1
! SUMMARY-  Solid/Sheet .................:
! SUMMARY-     Body .....................:     1
! SUMMARY-                                 -----
! SUMMARY-  Total                              9
! SUMMARY-   
! SUMMARY-  Summary of Unigraphics Part Entities
! SUMMARY-  For Part: lot X37030.prt 
! SUMMARY-  Entities Processed             Count
! SUMMARY-  ------------------             -----
! SUMMARY-  Part Attribute ..............:     1
! SUMMARY-  Font ........................:     1
! SUMMARY-  Color Table .................:     2
! SUMMARY-  Coordinate System ...........:     1
! SUMMARY-  Parameter ...................:     1
! SUMMARY-  Matrix ......................:     1
! SUMMARY-  Reference Set ...............:     1
! SUMMARY-  Solid/Sheet .................:
! SUMMARY-     Body .....................:     1
! SUMMARY-                                 -----
! SUMMARY-  Total                              9
! SUMMARY-   
! SUMMARY-  Summary of Unigraphics Part Entities
! SUMMARY-  For Part: M8-14-chu T-Ban may37356.prt 
! SUMMARY-  Entities Processed             Count
! SUMMARY-  ------------------             -----
! SUMMARY-  Part Attribute ..............:     1
! SUMMARY-  Font ........................:     1
! SUMMARY-  Color Table .................:     2
! SUMMARY-  Coordinate System ...........:     1
! SUMMARY-  Parameter ...................:     1
! SUMMARY-  Matrix ......................:     1
! SUMMARY-  Reference Set ...............:     1
! SUMMARY-  Solid/Sheet .................:
! SUMMARY-     Body .....................:     1
! SUMMARY-                                 -----
! SUMMARY-  Total                              9
! STATUS-    
! STATUS-   Converting to Output Form (Phase 2 of 3): 8-JUN-2026 5:16:57 PM
! STATUS-    
! STATUS-    
! STATUS-   Generating UG geometry and placing them in parts
! STATUS-    
! SUMMARY-   
! SUMMARY-    STEP Header Information
! SUMMARY-   
! SUMMARY-  Description      Unknown
! SUMMARY-  Imp_Level        1
! SUMMARY-  File_Name        VIRTUAL_MILLING_CNC.stp
! SUMMARY-  Date             2026-06-08T17:16:57+07:00
! SUMMARY-  Author           Unknown
! SUMMARY-  Organization     Unknown
! SUMMARY-  Pre_Version      ST-DEVELOPER v20
! SUMMARY-  Orig_System      SIEMENS PLM Software NX2506.1700
! SUMMARY-  Authorization    Unknown
! SUMMARY-  Schema_ID        step_merged_ap_schema
! SUMMARY-   
! SUMMARY-    Summary of STEP Entities
! SUMMARY-   
! SUMMARY-  Entity Type                                                   Count
! SUMMARY-  -----------                                                   ------
! SUMMARY-  advanced_face ..............................................:   2654
! SUMMARY-  application_context ........................................:      1
! SUMMARY-  axis2_placement_3d .........................................:   4805
! SUMMARY-  b_spline_curve_with_knots ..................................:    959
! SUMMARY-  b_spline_curve_with_knots_and_rational_b_spline_curve ......:    764
! SUMMARY-  b_spline_surface_with_knots_and_rational_b_spline_surface ..:    384
! SUMMARY-  cartesian_point ............................................:  33040
! SUMMARY-  circle .....................................................:   2308
! SUMMARY-  closed_shell ...............................................:     59
! SUMMARY-  conical_surface ............................................:    168
! SUMMARY-  context_dependent_shape_representation .....................:    231
! SUMMARY-  conversion_based_unit_and_plane_angle_unit .................:     70
! SUMMARY-  cylindrical_surface ........................................:   1212
! SUMMARY-  dimensional_exponents ......................................:     70
! SUMMARY-  direction ..................................................:  12350
! SUMMARY-  edge_curve .................................................:   6761
! SUMMARY-  edge_loop ..................................................:   3148
! SUMMARY-  face_bound .................................................:    721
! SUMMARY-  face_outer_bound ...........................................:   2427
! SUMMARY-  geometric_representation_context_and_global_uncertainty_a ..:     70
! SUMMARY-  item_defined_transformation ................................:    231
! SUMMARY-  length_unit_and_si_unit ....................................:     70
! SUMMARY-  line .......................................................:   2735
! SUMMARY-  manifold_solid_brep ........................................:     59
! SUMMARY-  next_assembly_usage_occurrence .............................:    231
! SUMMARY-  oriented_edge ..............................................:  13522
! SUMMARY-  plane ......................................................:    851
! SUMMARY-  plane_angle_measure_with_unit ..............................:     70
! SUMMARY-  plane_angle_unit_and_si_unit ...............................:     70
! SUMMARY-  product ....................................................:     70
! SUMMARY-  product_context ............................................:     70
! SUMMARY-  product_definition .........................................:     70
! SUMMARY-  product_definition_context .................................:     70
! SUMMARY-  product_definition_formation_with_specified_source .........:     70
! SUMMARY-  product_definition_shape ...................................:    301
! SUMMARY-  product_related_product_category ...........................:     70
! SUMMARY-  representation_relationship_with_transformation_and_shape ..:    231
! SUMMARY-  shape_representation .......................................:     70
! SUMMARY-  si_unit_and_solid_angle_unit ...............................:     70
! SUMMARY-  spherical_surface ..........................................:      2
! SUMMARY-  surface_of_linear_extrusion ................................:      5
! SUMMARY-  toroidal_surface ...........................................:     32
! SUMMARY-  uncertainty_measure_with_unit ..............................:     70
! SUMMARY-  vector .....................................................:   2740
! SUMMARY-  vertex_point ...............................................:   4419
! SUMMARY-                                                               -------
! SUMMARY-  Total                                                          98401
! INFO-     Bspline aprx. value in effect for this translation :0.025400 millimeter
! INFO-      
! INFO-     Total number of solids input for this translation  :      59
! INFO-      
! INFO-     Number of solids processed without problems        :      59
! INFO-      
! INFO-     Number of solids with problems output as sheets    :       0
! INFO-      
! INFO-     Number of solids not processed                     :       0
! INFO-      
! INFO-     End of Translation: 8-JUN-2026  5:16:58 PM
! INFO-      
